-43.26,-95.40,214.18,-15.82,-79.65,-26.16,2577.15,,,,,,,,,,,,,,,,,
-85.52,,,,,,,,,,,,,,,,,,,,,,,
,,,,,,,,,,,,,,,,,,,,,,,
320.76,,,,,,,,,,,,,,,,,,,,,,,
136.11,160.68,,,,,,,,,,,,,,,,,,,,,,
-10.74,,,,,,,,,,,,,,,,,,,,,,,
320.76,,,,,,,,,,,,,,,,,,,,,,,
-78.56,22.97,-9.00,,,,,,,,,,,,,,,,,,,,,
-93.78,840.63,,,,,,,,,,,,,,,,,,,,,,
-97.60,15.08,145.38,,,,,,,,,,,,,,,,,,,,,
,,,,,,,,,,,,,,,,,,,,,,,
1.02,-22.53,0.99,-1.79,33.68,128.34,29.63,-94.24,978.91,-65.81,,,,,,,,,,,,,,
-95.12,104.48,,,,,,,,,,,,,,,,,,,,,,
123.75,308.90,-26.61,,,,,,,,,,,,,,,,,,,,,
198.03,,,,,,,,,,,,,,,,,,,,,,,
-88.78,96.42,159.50,,,,,,,,,,,,,,,,,,,,,
-98.43,571.45,,,,,,,,,,,,,,,,,,,,,,
-93.50,469.45,-41.07,-14.56,750.05,-97.39,1700.09,-93.15,2108.43,,,,,,,,,,,,,,,
-35.21,-79.65,-1.55,201.26,,,,,,,,,,,,,,,,,,,,
-87.10,,,,,,,,,,,,,,,,,,,,,,,
-77.16,534.50,,,,,,,,,,,,,,,,,,,,,,
,,,,,,,,,,,,,,,,,,,,,,,
-77.62,167.68,-1.79,-46.95,-4.09,-49.57,,,,,,,,,,,,,,,,,,
-74.99,59.63,,,,,,,,,,,,,,,,,,,,,,
-69.55,53.54,194.63,-79.65,490.70,-44.21,126.99,,,,,,,,,,,,,,,,,
,,,,,,,,,,,,,,,,,,,,,,,
-88.41,489.26,-69.47,-23.28,145.38,,,,,,,,,,,,,,,,,,,
350.09,-62.70,-49.57,,,,,,,,,,,,,,,,,,,,,
177.00,,,,,,,,,,,,,,,,,,,,,,,
-85.59,,,,,,,,,,,,,,,,,,,,,,,
-79.49,,,,,,,,,,,,,,,,,,,,,,,
-60.58,-29.75,-26.34,-79.65,810.66,676.21,,,,,,,,,,,,,,,,,,
-75.99,-79.95,-38.65,,,,,,,,,,,,,,,,,,,,,
5.50,-61.62,96.42,-79.65,392.25,-93.31,,,,,,,,,,,,,,,,,,
,,,,,,,,,,,,,,,,,,,,,,,
-97.91,169.30,47.31,6.09,-25.88,-74.12,195.35,1495.69,,,,,,,,,,,,,,,,
-35.21,-79.65,-1.55,,,,,,,,,,,,,,,,,,,,,
-41.00,-69.89,63.68,83.01,-53.59,-85.62,441.48,-65.53,401.64,,,,,,,,,,,,,,,
37.01,,,,,,,,,,,,,,,,,,,,,,,
320.76,,,,,,,,,,,,,,,,,,,,,,,
-72.57,-31.04,-33.27,949.34,,,,,,,,,,,,,,,,,,,,
-91.90,19.74,-49.57,,,,,,,,,,,,,,,,,,,,,
180.92,,,,,,,,,,,,,,,,,,,,,,,
-41.44,-79.65,146.13,-53.24,390.76,,,,,,,,,,,,,,,,,,,
-96.01,1074.70,-34.68,-12.50,33.02,,,,,,,,,,,,,,,,,,,
72.20,,,,,,,,,,,,,,,,,,,,,,,
-61.23,,,,,,,,,,,,,,,,,,,,,,,
5.52,468.76,,,,,,,,,,,,,,,,,,,,,,
-98.51,1113.52,-50.54,33.02,,,,,,,,,,,,,,,,,,,,
1.86,981.19,,,,,,,,,,,,,,,,,,,,,,
-65.79,226.80,-15.82,-44.95,177.27,-80.31,33.89,185.64,,,,,,,,,,,,,,,,
-44.52,,,,,,,,,,,,,,,,,,,,,,,
-53.07,-60.05,,,,,,,,,,,,,,,,,,,,,,
-96.28,136.11,160.68,,,,,,,,,,,,,,,,,,,,,
-94.12,-6.70,722.45,,,,,,,,,,,,,,,,,,,,,
-98.02,18.06,468.76,,,,,,,,,,,,,,,,,,,,,
-86.54,96.42,112.32,,,,,,,,,,,,,,,,,,,,,
-97.47,-37.75,11.88,665.04,-21.55,33.02,,,,,,,,,,,,,,,,,,
,,,,,,,,,,,,,,,,,,,,,,,
-74.06,940.79,,,,,,,,,,,,,,,,,,,,,,
-43.62,17.85,100.35,-90.52,219.25,,,,,,,,,,,,,,,,,,,
-79.11,-34.53,-79.65,-6.70,506.76,-91.76,505.19,,,,,,,,,,,,,,,,,
-69.06,863.28,,,,,,,,,,,,,,,,,,,,,,
320.76,,,,,,,,,,,,,,,,,,,,,,,
44.29,49.02,,,,,,,,,,,,,,,,,,,,,,
113.54,-55.17,-22.38,-59.30,23.06,298.13,-87.95,,,,,,,,,,,,,,,,,
138.69,,,,,,,,,,,,,,,,,,,,,,,
-12.55,-37.47,220.27,,,,,,,,,,,,,,,,,,,,,
215.43,-81.59,24.28,-38.96,56.93,-3.28,96.42,-79.65,269.19,13.75,-46.66,-11.73,108.96,,,,,,,,,,,
219.18,-85.48,1258.64,-77.73,,,,,,,,,,,,,,,,,,,,
,,,,,,,,,,,,,,,,,,,,,,,
13.49,103.99,-62.37,17.85,-60.22,-48.85,293.80,,,,,,,,,,,,,,,,,
-95.94,,,,,,,,,,,,,,,,,,,,,,,
,,,,,,,,,,,,,,,,,,,,,,,
30.81,,,,,,,,,,,,,,,,,,,,,,,
34.73,-53.86,25.89,505.92,-34.53,218.28,-93.61,589.15,-59.02,,,,,,,,,,,,,,,
-15.35,-79.65,-1.55,,,,,,,,,,,,,,,,,,,,,
-74.08,1049.71,,,,,,,,,,,,,,,,,,,,,,
-91.53,303.95,-1.79,1221.08,,,,,,,,,,,,,,,,,,,,
,,,,,,,,,,,,,,,,,,,,,,,
-92.58,3828.37,-96.95,23.06,89.59,380.02,-74.79,533.03,,,,,,,,,,,,,,,,
476.83,-92.22,123.75,796.95,-66.54,33.02,,,,,,,,,,,,,,,,,,
-94.72,85.20,,,,,,,,,,,,,,,,,,,,,,
33.89,,,,,,,,,,,,,,,,,,,,,,,
-67.78,-54.92,-36.80,112.83,,,,,,,,,,,,,,,,,,,,
,,,,,,,,,,,,,,,,,,,,,,,
-93.53,145.38,1028.69,,,,,,,,,,,,,,,,,,,,,
-80.27,343.62,-86.43,39.95,111.05,-84.20,,,,,,,,,,,,,,,,,,
198.03,,,,,,,,,,,,,,,,,,,,,,,
-94.67,96.42,-59.30,47.68,-84.20,3411.78,-92.80,,,,,,,,,,,,,,,,,
-94.13,-83.99,273.49,-72.03,374.85,26.39,,,,,,,,,,,,,,,,,,
-35.21,-79.65,-1.55,,,,,,,,,,,,,,,,,,,,,
-30.83,48.35,14.51,34.08,-50.90,-34.89,-70.83,23.32,,,,,,,,,,,,,,,,
320.76,,,,,,,,,,,,,,,,,,,,,,,
-61.25,-93.60,873.96,-36.80,,,,,,,,,,,,,,,,,,,,
359.87,,,,,,,,,,,,,,,,,,,,,,,
-83.96,-94.82,726.39,-18.75,,,,,,,,,,,,,,,,,,,,
,,,,,,,,,,,,,,,,,,,,,,,
138.69,,,,,,,,,,,,,,,,,,,,,,,
76.48,-4.84,-70.07,202.59,,,,,,,,,,,,,,,,,,,,
-16.77,126.18,-79.97,-5.21,,,,,,,,,,,,,,,,,,,,
2.87,-79.65,146.13,72.10,,,,,,,,,,,,,,,,,,,,
-95.86,770.66,-64.65,,,,,,,,,,,,,,,,,,,,,
18.30,-79.65,-1.55,186.84,,,,,,,,,,,,,,,,,,,,
-98.97,171.62,33.37,33.02,,,,,,,,,,,,,,,,,,,,
,,,,,,,,,,,,,,,,,,,,,,,
-40.10,96.42,-79.65,23.06,358.94,,,,,,,,,,,,,,,,,,,
-97.46,255.80,887.46,-10.93,-2.18,114.27,-96.07,935.16,38.45,31.45,390.76,,,,,,,,,,,,,
-4.49,-54.93,-95.63,-86.61,151.63,-39.35,77.21,-77.58,-20.76,,,,,,,,,,,,,,,
-12.82,-78.98,,,,,,,,,,,,,,,,,,,,,,
71.13,-79.65,170.74,56.46,,,,,,,,,,,,,,,,,,,,
-95.15,11.88,295.71,39.03,,,,,,,,,,,,,,,,,,,,
-95.58,,,,,,,,,,,,,,,,,,,,,,,
-89.17,29.86,3.41,,,,,,,,,,,,,,,,,,,,,
-69.19,-79.55,2221.12,-98.20,39.90,,,,,,,,,,,,,,,,,,,
-55.50,,,,,,,,,,,,,,,,,,,,,,,
127.38,55.23,-79.65,-50.77,279.17,,,,,,,,,,,,,,,,,,,
,,,,,,,,,,,,,,,,,,,,,,,
1.41,-23.02,13.61,-89.35,-28.22,-89.61,4607.04,-63.27,34.87,-84.89,19.35,-71.45,36.73,-78.17,-70.90,5151.16,-82.25,-58.43,,,,,,
-63.36,40.27,72.54,-88.81,179.33,-74.72,299.07,,,,,,,,,,,,,,,,,
51.90,,,,,,,,,,,,,,,,,,,,,,,
138.69,,,,,,,,,,,,,,,,,,,,,,,
,,,,,,,,,,,,,,,,,,,,,,,
-83.08,-39.54,-66.74,,,,,,,,,,,,,,,,,,,,,
-26.28,-1.79,-79.65,195.35,91.23,,,,,,,,,,,,,,,,,,,
-78.96,3284.79,,,,,,,,,,,,,,,,,,,,,,
-99.53,2089.61,-72.59,33.02,,,,,,,,,,,,,,,,,,,,
-91.88,,,,,,,,,,,,,,,,,,,,,,,
72.20,,,,,,,,,,,,,,,,,,,,,,,
320.76,,,,,,,,,,,,,,,,,,,,,,,
-54.53,-80.82,-53.34,,,,,,,,,,,,,,,,,,,,,
-56.30,502.28,-50.90,-79.65,219.96,-79.40,347.78,,,,,,,,,,,,,,,,,
-83.47,-79.65,490.70,-92.10,1412.96,,,,,,,,,,,,,,,,,,,
-95.95,213.27,-30.45,-21.55,33.02,,,,,,,,,,,,,,,,,,,
-67.14,-79.65,343.03,101.75,,,,,,,,,,,,,,,,,,,,
-35.21,-79.97,-5.21,,,,,,,,,,,,,,,,,,,,,
-79.10,,,,,,,,,,,,,,,,,,,,,,,
,,,,,,,,,,,,,,,,,,,,,,,
-92.14,,,,,,,,,,,,,,,,,,,,,,,
320.76,,,,,,,,,,,,,,,,,,,,,,,
38.71,13.09,-79.65,392.25,,,,,,,,,,,,,,,,,,,,
-93.49,207.75,,,,,,,,,,,,,,,,,,,,,,
-92.16,-6.70,-49.99,152.99,,,,,,,,,,,,,,,,,,,,
-27.86,,,,,,,,,,,,,,,,,,,,,,,
-64.61,450.20,-79.65,-75.39,619.45,2068.52,,,,,,,,,,,,,,,,,,
-82.70,-1.79,-73.48,-23.27,-1.55,319.68,,,,,,,,,,,,,,,,,,
14.69,-60.45,-5.83,76.78,20.21,-89.47,505.19,374.78,,,,,,,,,,,,,,,,
,,,,,,,,,,,,,,,,,,,,,,,
-97.35,1078.51,-43.03,,,,,,,,,,,,,,,,,,,,,
-82.57,489.26,-79.65,466.09,-0.23,,,,,,,,,,,,,,,,,,,
-98.74,391.05,-91.86,736.83,-86.25,806.12,,,,,,,,,,,,,,,,,,
320.76,,,,,,,,,,,,,,,,,,,,,,,
-86.82,-79.78,-81.34,4460.22,390.76,,,,,,,,,,,,,,,,,,,
-95.18,-1.79,762.00,-71.72,-91.65,2041.29,35.11,-80.48,25.41,,,,,,,,,,,,,,,
-24.21,3.49,-20.43,-74.42,613.76,-8.48,261.14,,,,,,,,,,,,,,,,,
-88.57,166.44,-64.09,47.31,-79.65,96.90,-76.30,1110.37,,,,,,,,,,,,,,,,
,,,,,,,,,,,,,,,,,,,,,,,
-96.92,26.39,505.19,,,,,,,,,,,,,,,,,,,,,
-80.23,-35.30,-53.34,,,,,,,,,,,,,,,,,,,,,
39.17,-79.65,72.29,-72.92,505.19,,,,,,,,,,,,,,,,,,,
-73.84,-75.85,-40.02,-82.41,2175.04,93.34,-78.69,-50.11,63.59,,,,,,,,,,,,,,,
-91.93,-52.53,142.70,-1.09,33.02,,,,,,,,,,,,,,,,,,,
-89.54,164.08,-36.77,96.42,-79.65,687.60,-28.29,-73.62,,,,,,,,,,,,,,,,
-75.95,231.35,-48.82,-1.79,-79.65,589.15,,,,,,,,,,,,,,,,,,
-56.69,-32.63,-19.11,-83.19,-44.06,454.00,-0.69,,,,,,,,,,,,,,,,,
-98.12,2737.98,,,,,,,,,,,,,,,,,,,,,,
-49.09,-48.05,,,,,,,,,,,,,,,,,,,,,,
-36.11,194.63,-39.90,-68.40,,,,,,,,,,,,,,,,,,,,
-97.99,154.27,96.42,-79.65,-53.34,158.95,133.71,,,,,,,,,,,,,,,,,
-97.97,355.03,223.67,-68.18,328.46,-77.39,1656.57,,,,,,,,,,,,,,,,,
-86.36,-74.92,249.76,,,,,,,,,,,,,,,,,,,,,
-92.36,2125.34,,,,,,,,,,,,,,,,,,,,,,
-10.83,126.18,-79.65,96.90,,,,,,,,,,,,,,,,,,,,
-71.60,47.31,749.27,-97.60,-50.77,7767.84,,,,,,,,,,,,,,,,,,
-83.94,96.42,-79.65,613.76,292.87,-89.09,798.77,-90.24,,,,,,,,,,,,,,,,
213.74,-84.97,26.39,378.88,,,,,,,,,,,,,,,,,,,,
-95.54,2556.25,-94.80,,,,,,,,,,,,,,,,,,,,,
41.18,-79.65,-1.55,-52.60,1412.96,,,,,,,,,,,,,,,,,,,
-99.38,77.62,188.41,156.77,691.42,-74.72,33.02,,,,,,,,,,,,,,,,,
-97.58,-13.69,1491.02,-86.44,2530.85,,,,,,,,,,,,,,,,,,,
,,,,,,,,,,,,,,,,,,,,,,,
-89.96,-34.53,-79.65,1844.39,-97.60,146.63,390.76,,,,,,,,,,,,,,,,,
198.03,,,,,,,,,,,,,,,,,,,,,,,
7.39,12.07,,,,,,,,,,,,,,,,,,,,,,
-86.67,303.46,-68.65,,,,,,,,,,,,,,,,,,,,,
-45.80,-79.65,-1.55,,,,,,,,,,,,,,,,,,,,,
390.76,-73.62,,,,,,,,,,,,,,,,,,,,,,
36.80,-57.54,775.21,-54.67,-28.77,286.77,495.67,-91.22,,,,,,,,,,,,,,,,
-60.72,2369.16,,,,,,,,,,,,,,,,,,,,,,
-77.36,96.42,-69.47,326.62,-85.42,,,,,,,,,,,,,,,,,,,
320.76,,,,,,,,,,,,,,,,,,,,,,,
-59.79,1303.37,,,,,,,,,,,,,,,,,,,,,,
-54.76,-64.04,,,,,,,,,,,,,,,,,,,,,,
-97.87,4136.30,,,,,,,,,,,,,,,,,,,,,,
-38.64,-54.11,-18.41,135.78,3024.28,,,,,,,,,,,,,,,,,,,
-79.60,1291.88,,,,,,,,,,,,,,,,,,,,,,
-31.68,-79.65,343.03,-78.93,620.03,-57.98,163.76,,,,,,,,,,,,,,,,,
-95.48,22.39,479.56,-46.43,-49.12,431.63,-92.98,3860.19,-96.73,-20.76,424.64,,,,,,,,,,,,,
-23.17,84.35,256.13,4.08,-26.21,-77.93,-2.99,23.09,669.48,,,,,,,,,,,,,,,
-85.82,1583.84,,,,,,,,,,,,,,,,,,,,,,
-73.16,-79.65,72.29,-72.92,1110.37,,,,,,,,,,,,,,,,,,,
-96.02,-6.70,250.10,-64.77,105.16,,,,,,,,,,,,,,,,,,,
-95.11,22.69,,,,,,,,,,,,,,,,,,,,,,
138.69,,,,,,,,,,,,,,,,,,,,,,,
332.37,-95.28,,,,,,,,,,,,,,,,,,,,,,
-95.09,473.68,,,,,,,,,,,,,,,,,,,,,,
-94.40,303.46,,,,,,,,,,,,,,,,,,,,,,
-53.07,57.17,,,,,,,,,,,,,,,,,,,,,,
,,,,,,,,,,,,,,,,,,,,,,,
-95.66,2000.61,-94.13,390.76,-79.10,,,,,,,,,,,,,,,,,,,
-69.57,-89.64,-20.86,279.17,,,,,,,,,,,,,,,,,,,,
72.20,,,,,,,,,,,,,,,,,,,,,,,
-93.13,17.85,-19.86,-76.30,23.32,158.89,,,,,,,,,,,,,,,,,,
217.14,-33.47,,,,,,,,,,,,,,,,,,,,,,
313.34,,,,,,,,,,,,,,,,,,,,,,,
-98.89,-53.34,1412.96,,,,,,,,,,,,,,,,,,,,,
-91.65,730.52,-59.24,-74.36,,,,,,,,,,,,,,,,,,,,
-97.27,2418.21,-53.02,-81.01,23.32,,,,,,,,,,,,,,,,,,,
-86.99,,,,,,,,,,,,,,,,,,,,,,,
-84.03,-30.48,-27.60,,,,,,,,,,,,,,,,,,,,,
,,,,,,,,,,,,,,,,,,,,,,,
25.85,-52.89,-1.79,-73.48,-40.70,29.39,1352.14,-84.58,58.11,,,,,,,,,,,,,,,
-97.23,194.63,-79.65,687.60,-85.39,145.38,,,,,,,,,,,,,,,,,,
,,,,,,,,,,,,,,,,,,,,,,,
,,,,,,,,,,,,,,,,,,,,,,,
,,,,,,,,,,,,,,,,,,,,,,,
-76.43,-79.65,835.28,-39.61,-37.30,,,,,,,,,,,,,,,,,,,
-39.84,-79.65,,,,,,,,,,,,,,,,,,,,,,
-89.65,-6.70,100.06,,,,,,,,,,,,,,,,,,,,,
-98.04,933.73,-45.83,0.86,,,,,,,,,,,,,,,,,,,,
-52.89,599.44,23.91,-91.14,47.31,589.60,-12.20,-57.99,-92.54,216.57,,,,,,,,,,,,,,
-99.20,681.45,-32.36,-54.50,83.42,766.09,-91.63,,,,,,,,,,,,,,,,,
138.69,,,,,,,,,,,,,,,,,,,,,,,
-75.58,-6.51,-59.61,-1.79,-79.65,343.03,-89.47,658.96,,,,,,,,,,,,,,,,
-45.25,-20.66,-76.41,536.95,-62.08,112.83,,,,,,,,,,,,,,,,,,
-86.10,-37.80,468.76,0.86,,,,,,,,,,,,,,,,,,,,
-45.34,-79.65,515.31,-8.21,4.51,,,,,,,,,,,,,,,,,,,
-75.27,15.95,17.85,11.93,-91.05,2194.70,,,,,,,,,,,,,,,,,,
-95.83,-53.34,1110.37,,,,,,,,,,,,,,,,,,,,,
-93.11,62.33,89.59,,,,,,,,,,,,,,,,,,,,,
-91.41,-34.53,105.36,-90.75,23.32,2.58,,,,,,,,,,,,,,,,,,
-98.37,5733.62,-36.31,-61.69,-96.82,21936.78,,,,,,,,,,,,,,,,,,
,,,,,,,,,,,,,,,,,,,,,,,
-97.14,464.70,-94.69,416.86,-90.97,785.46,,,,,,,,,,,,,,,,,,
-89.43,,,,,,,,,,,,,,,,,,,,,,,
,,,,,,,,,,,,,,,,,,,,,,,
20.11,-95.58,2754.74,,,,,,,,,,,,,,,,,,,,,
-34.55,1097.34,,,,,,,,,,,,,,,,,,,,,,
138.69,,,,,,,,,,,,,,,,,,,,,,,
-99.19,231.78,-64.77,390.76,,,,,,,,,,,,,,,,,,,,
-74.96,-20.87,,,,,,,,,,,,,,,,,,,,,,
-84.18,160.68,,,,,,,,,,,,,,,,,,,,,,
-93.98,-27.90,2467.73,-85.72,-46.92,-28.11,590.40,-35.83,30.60,-61.29,3503.54,,,,,,,,,,,,,
-86.40,287.35,-59.88,-88.14,1587.34,-43.12,-55.76,,,,,,,,,,,,,,,,,
-96.41,-49.99,1110.37,,,,,,,,,,,,,,,,,,,,,
-75.58,34.71,151.83,,,,,,,,,,,,,,,,,,,,,
-77.86,70.83,96.42,75.30,-89.17,1564.26,,,,,,,,,,,,,,,,,,
-60.75,-72.47,-80.31,473.68,,,,,,,,,,,,,,,,,,,,
-89.65,-43.12,1340.07,-94.01,-45.45,328.46,5.51,1405.63,,,,,,,,,,,,,,,,
-92.18,584.94,-54.67,-73.48,-23.27,219.96,-85.42,146.63,390.76,,,,,,,,,,,,,,,
-62.77,356.92,-74.45,,,,,,,,,,,,,,,,,,,,,
-58.49,-79.65,244.58,63.91,,,,,,,,,,,,,,,,,,,,
1918.89,-93.33,19592.41,-96.88,293.31,-72.26,33.02,,,,,,,,,,,,,,,,,
,,,,,,,,,,,,,,,,,,,,,,,
-98.58,4430.59,-88.12,,,,,,,,,,,,,,,,,,,,,
93.76,-64.67,47.31,-79.65,343.03,-32.75,,,,,,,,,,,,,,,,,,
578.18,,,,,,,,,,,,,,,,,,,,,,,
-93.66,3704.82,,,,,,,,,,,,,,,,,,,,,,
-92.18,194.63,-94.91,515.31,-8.21,,,,,,,,,,,,,,,,,,,
-79.68,-26.34,-79.65,372.20,,,,,,,,,,,,,,,,,,,,
,,,,,,,,,,,,,,,,,,,,,,,
1221.88,27.04,-39.43,-50.90,-49.12,461.17,-92.02,164.82,-61.20,2.58,,,,,,,,,,,,,,
-25.51,72.41,31.52,,,,,,,,,,,,,,,,,,,,,
-73.48,-63.93,1539.78,-76.41,197.24,-72.92,219.25,,,,,,,,,,,,,,,,,
-21.74,34.65,194.63,-79.65,195.35,91.23,,,,,,,,,,,,,,,,,,
89.60,41.54,-85.62,244.58,24.33,,,,,,,,,,,,,,,,,,,
44.29,49.02,,,,,,,,,,,,,,,,,,,,,,
-19.66,,,,,,,,,,,,,,,,,,,,,,,
-62.74,,,,,,,,,,,,,,,,,,,,,,,
-43.85,-79.65,,,,,,,,,,,,,,,,,,,,,,
-3.95,-58.50,19.91,16.62,68.84,42.19,33.02,,,,,,,,,,,,,,,,,
-73.90,-79.65,121.51,26.39,,,,,,,,,,,,,,,,,,,,
72.08,,,,,,,,,,,,,,,,,,,,,,,
-77.20,35.61,47.31,-79.65,96.90,-76.30,547.37,133.71,,,,,,,,,,,,,,,,
,,,,,,,,,,,,,,,,,,,,,,,
198.03,,,,,,,,,,,,,,,,,,,,,,,
-24.34,-38.34,83.40,-79.65,318.41,-15.36,,,,,,,,,,,,,,,,,,
-69.30,,,,,,,,,,,,,,,,,,,,,,,
-99.75,1494.98,1855.91,-94.90,,,,,,,,,,,,,,,,,,,,
-93.18,203.35,267.81,74.61,-92.15,5.51,,,,,,,,,,,,,,,,,,
-99.17,,,,,,,,,,,,,,,,,,,,,,,
1.34,-64.60,-41.72,47.31,33.68,6.56,5.48,159.10,-68.85,,,,,,,,,,,,,,,
-40.47,-5.04,1.86,-1.79,-79.65,121.51,34.50,78.30,,,,,,,,,,,,,,,,
-85.69,-88.15,7489.64,,,,,,,,,,,,,,,,,,,,,
-36.27,,,,,,,,,,,,,,,,,,,,,,,
-26.56,126.18,-79.65,,,,,,,,,,,,,,,,,,,,,
-8.00,,,,,,,,,,,,,,,,,,,,,,,
-57.81,45.65,-98.24,646.98,47.31,-79.65,1032.18,-95.88,505.19,,,,,,,,,,,,,,,
197.23,-64.94,-45.83,,,,,,,,,,,,,,,,,,,,,
-49.04,368.43,,,,,,,,,,,,,,,,,,,,,,
-10.83,126.18,-79.65,195.35,,,,,,,,,,,,,,,,,,,,
-78.54,-30.48,,,,,,,,,,,,,,,,,,,,,,
43.79,-83.73,-64.99,96.42,-79.65,195.35,91.23,,,,,,,,,,,,,,,,,
-39.84,-79.65,,,,,,,,,,,,,,,,,,,,,,
320.76,,,,,,,,,,,,,,,,,,,,,,,
320.76,,,,,,,,,,,,,,,,,,,,,,,
-77.28,-32.68,96.42,-79.65,16784.22,-98.33,,,,,,,,,,,,,,,,,,
-67.40,16.41,,,,,,,,,,,,,,,,,,,,,,
-20.82,-46.95,-35.96,39.04,378.77,-93.88,-48.85,1206.16,-17.09,-47.85,,,,,,,,,,,,,,
-50.41,-64.94,-45.83,,,,,,,,,,,,,,,,,,,,,
-62.47,-96.33,401.24,19.74,,,,,,,,,,,,,,,,,,,,
72.20,,,,,,,,,,,,,,,,,,,,,,,
-77.40,-44.06,506.76,-1.09,-55.76,,,,,,,,,,,,,,,,,,,
-97.96,3730.16,-98.79,91.08,658.35,,,,,,,,,,,,,,,,,,,
-56.18,136.89,,,,,,,,,,,,,,,,,,,,,,
-59.42,-26.64,-64.87,17.85,-59.30,638.38,-83.64,185.73,22.69,,,,,,,,,,,,,,,
47.87,-79.65,-1.55,-52.60,807.78,,,,,,,,,,,,,,,,,,,
17.28,-69.89,-97.73,,,,,,,,,,,,,,,,,,,,,
72.20,,,,,,,,,,,,,,,,,,,,,,,
320.76,,,,,,,,,,,,,,,,,,,,,,,
14.21,-87.19,-79.65,638.38,,,,,,,,,,,,,,,,,,,,
-34.20,120.08,-9.84,-78.93,219.25,,,,,,,,,,,,,,,,,,,
-93.09,-49.99,,,,,,,,,,,,,,,,,,,,,,
44.29,-95.34,450.20,-79.65,589.15,-18.05,,,,,,,,,,,,,,,,,,
132.91,,,,,,,,,,,,,,,,,,,,,,,
,,,,,,,,,,,,,,,,,,,,,,,
-82.83,902.69,,,,,,,,,,,,,,,,,,,,,,
-39.84,-79.65,-1.55,,,,,,,,,,,,,,,,,,,,,
30.38,46.86,-38.25,9.44,17.85,3003.21,-99.34,495.88,,,,,,,,,,,,,,,,
138.69,,,,,,,,,,,,,,,,,,,,,,,
-35.21,-79.65,-1.55,,,,,,,,,,,,,,,,,,,,,
116.74,-92.05,611.63,-22.71,-69.24,205.12,-34.53,-79.65,712.21,-62.81,97.26,-40.57,,,,,,,,,,,,
-2.63,-79.65,343.03,,,,,,,,,,,,,,,,,,,,,
2.68,-79.65,589.15,-48.61,,,,,,,,,,,,,,,,,,,,
-96.08,-25.30,1667.77,-18.09,-93.79,-22.25,374.85,-49.44,33.02,,,,,,,,,,,,,,,
79.11,,,,,,,,,,,,,,,,,,,,,,,
,,,,,,,,,,,,,,,,,,,,,,,
-11.88,,,,,,,,,,,,,,,,,,,,,,,
-98.50,1810.68,-91.99,40.06,96.42,-79.65,-6.70,480.38,-91.38,538.50,-20.76,,,,,,,,,,,,,
-83.27,47.31,-79.65,712.21,-94.26,146.63,390.76,,,,,,,,,,,,,,,,,
859.33,407.13,-98.37,-15.82,-91.65,8292.88,-92.90,,,,,,,,,,,,,,,,,
49.20,-85.77,958.92,,,,,,,,,,,,,,,,,,,,,
,,,,,,,,,,,,,,,,,,,,,,,
-98.09,489.26,-79.65,367.64,20.77,,,,,,,,,,,,,,,,,,,
-97.34,19.58,11.88,585.90,-56.25,33.02,,,,,,,,,,,,,,,,,,
-80.39,,,,,,,,,,,,,,,,,,,,,,,
-95.90,-1.79,-18.60,133.82,-95.01,1110.37,,,,,,,,,,,,,,,,,,
-93.29,17.36,-81.03,390.76,,,,,,,,,,,,,,,,,,,,
-45.72,352.36,-79.65,-1.55,,,,,,,,,,,,,,,,,,,,
-53.25,60.49,9.37,-66.64,80.85,-35.73,314.48,21.95,-90.85,365.25,-41.65,-40.07,65.89,86.13,-42.70,-7.36,-20.87,232.60,,,,,,
-46.23,-59.30,72.29,63.91,,,,,,,,,,,,,,,,,,,,
-99.16,123.75,31.90,127.50,,,,,,,,,,,,,,,,,,,,
-94.60,-29.38,144.84,,,,,,,,,,,,,,,,,,,,,
-87.93,197.92,,,,,,,,,,,,,,,,,,,,,,
-94.95,2828.25,,,,,,,,,,,,,,,,,,,,,,
-84.20,101.73,,,,,,,,,,,,,,,,,,,,,,
-61.76,,,,,,,,,,,,,,,,,,,,,,,
17.13,-79.65,-1.55,-52.60,505.19,,,,,,,,,,,,,,,,,,,
72.20,,,,,,,,,,,,,,,,,,,,,,,
-88.85,489.26,-79.65,-1.55,473.68,,,,,,,,,,,,,,,,,,,
-93.30,-79.65,219.96,-85.42,146.63,390.76,,,,,,,,,,,,,,,,,,
84.56,-91.19,-18.84,46.50,41.18,6.41,-79.21,,,,,,,,,,,,,,,,,
-88.59,5.51,,,,,,,,,,,,,,,,,,,,,,
-92.14,489.26,-49.12,106.75,-77.73,390.76,,,,,,,,,,,,,,,,,,
62.38,-40.44,-64.31,36.80,-57.54,303.95,-1.79,-79.65,-1.55,499.54,,,,,,,,,,,,,,
72.20,,,,,,,,,,,,,,,,,,,,,,,
-37.74,-79.65,416.86,,,,,,,,,,,,,,,,,,,,,
-59.89,-88.92,468.76,,,,,,,,,,,,,,,,,,,,,
-93.82,,,,,,,,,,,,,,,,,,,,,,,
,,,,,,,,,,,,,,,,,,,,,,,
1256.45,-98.10,321.10,-79.65,644.85,-68.30,,,,,,,,,,,,,,,,,,
320.76,,,,,,,,,,,,,,,,,,,,,,,
-91.47,194.63,-81.01,23.32,,,,,,,,,,,,,,,,,,,,
-98.92,-47.24,753.14,-46.66,33.02,,,,,,,,,,,,,,,,,,,
20.81,97.57,,,,,,,,,,,,,,,,,,,,,,
2323.67,-83.63,32.62,,,,,,,,,,,,,,,,,,,,,
44.29,-84.90,-15.82,-79.65,293.80,241.27,-86.82,,,,,,,,,,,,,,,,,
-58.58,-5.75,489.26,-97.09,1066.22,-28.24,-86.25,,,,,,,,,,,,,,,,,
-56.04,-71.49,44.21,175.10,-79.65,146.13,19.91,,,,,,,,,,,,,,,,,
-88.50,-73.48,226.13,-13.14,-74.72,219.25,,,,,,,,,,,,,,,,,,
123.75,295.71,-24.17,,,,,,,,,,,,,,,,,,,,,
-35.21,-79.97,-5.21,,,,,,,,,,,,,,,,,,,,,
-91.86,-53.34,,,,,,,,,,,,,,,,,,,,,,
-94.73,268.92,-9.00,,,,,,,,,,,,,,,,,,,,,
-41.26,-95.53,3774.79,,,,,,,,,,,,,,,,,,,,,
-88.45,-76.66,489.26,500.33,,,,,,,,,,,,,,,,,,,,
56.42,,,,,,,,,,,,,,,,,,,,,,,
-54.45,-76.41,-13.74,-1.55,923.82,-18.02,,,,,,,,,,,,,,,,,,
-98.45,736.83,-86.25,515.47,,,,,,,,,,,,,,,,,,,,
-76.77,-79.65,-1.55,-52.60,,,,,,,,,,,,,,,,,,,,
-99.03,1767.44,-64.58,-5.21,,,,,,,,,,,,,,,,,,,,
-55.96,-79.65,-1.55,,,,,,,,,,,,,,,,,,,,,
-31.22,,,,,,,,,,,,,,,,,,,,,,,
-98.64,123.75,454.00,-45.83,33.02,,,,,,,,,,,,,,,,,,,
-94.30,,,,,,,,,,,,,,,,,,,,,,,
-95.55,,,,,,,,,,,,,,,,,,,,,,,
-81.12,468.14,-93.93,,,,,,,,,,,,,,,,,,,,,
-39.84,-79.65,23.06,,,,,,,,,,,,,,,,,,,,,
-97.30,848.89,-36.39,-96.48,89.59,41.25,756.92,,,,,,,,,,,,,,,,,
-89.65,-6.70,-20.86,-36.80,,,,,,,,,,,,,,,,,,,,
-43.12,202.59,,,,,,,,,,,,,,,,,,,,,,
-60.74,36.80,-57.54,371.27,-15.82,-79.65,72.29,63.91,-16.39,,,,,,,,,,,,,,,
-93.11,421.36,,,,,,,,,,,,,,,,,,,,,,
-49.66,-79.65,343.03,27.48,,,,,,,,,,,,,,,,,,,,
-72.11,18.06,-13.11,,,,,,,,,,,,,,,,,,,,,
-92.78,-59.70,920.70,-95.02,1626.24,-40.14,111.58,617.34,-98.02,242.95,1930.13,-95.41,-60.38,214.79,,,,,,,,,,
-86.14,,,,,,,,,,,,,,,,,,,,,,,
-35.21,-79.65,-1.55,,,,,,,,,,,,,,,,,,,,,
-96.42,-95.14,21981.05,,,,,,,,,,,,,,,,,,,,,
-29.38,-15.82,-79.65,515.31,-89.29,756.92,,,,,,,,,,,,,,,,,,
-79.33,-26.84,,,,,,,,,,,,,,,,,,,,,,
17.85,-79.65,1155.24,-81.19,,,,,,,,,,,,,,,,,,,,
138.69,,,,,,,,,,,,,,,,,,,,,,,
44.54,-21.92,-53.77,-1.79,-79.65,736.83,-32.51,,,,,,,,,,,,,,,,,
-54.18,427.95,,,,,,,,,,,,,,,,,,,,,,
72.20,,,,,,,,,,,,,,,,,,,,,,,
-83.17,786.97,-25.24,-36.99,-43.80,-43.92,46.73,-46.43,762.00,-43.44,88.43,6.17,28.58,-72.54,286.64,325.92,,,,,,,,
212.58,-24.46,160.68,,,,,,,,,,,,,,,,,,,,,
-79.93,-71.89,,,,,,,,,,,,,,,,,,,,,,
-76.06,,,,,,,,,,,,,,,,,,,,,,,
-85.87,224.65,-5.21,-51.74,,,,,,,,,,,,,,,,,,,,
-82.83,902.69,,,,,,,,,,,,,,,,,,,,,,
-97.76,249.97,-19.31,,,,,,,,,,,,,,,,,,,,,
-85.02,-18.84,89.59,,,,,,,,,,,,,,,,,,,,,
1043.21,,,,,,,,,,,,,,,,,,,,,,,
-55.77,-1.79,-79.65,-1.55,-5.21,219.25,,,,,,,,,,,,,,,,,,
-12.37,-79.65,-1.55,-52.60,1412.96,,,,,,,,,,,,,,,,,,,
72.20,,,,,,,,,,,,,,,,,,,,,,,
-38.11,-81.63,320.60,-19.97,607.11,-95.59,146.63,2.58,,,,,,,,,,,,,,,,
-97.80,1232.18,-94.87,636.57,-84.09,-74.42,2755.06,-98.37,4220.21,-88.29,,,,,,,,,,,,,,
-98.65,1945.03,,,,,,,,,,,,,,,,,,,,,,
47.26,-80.26,130.11,-89.80,296.78,7118.80,-8.42,14.86,366.23,,,,,,,,,,,,,,,
-92.56,200.06,-62.70,470.87,,,,,,,,,,,,,,,,,,,,
-64.47,-0.41,838.30,-85.36,9.44,162.95,96.42,-79.65,553.08,-43.47,7.11,,,,,,,,,,,,,
-69.18,,,,,,,,,,,,,,,,,,,,,,,
,,,,,,,,,,,,,,,,,,,,,,,
6.15,,,,,,,,,,,,,,,,,,,,,,,
-75.68,34.22,230.57,-94.26,260.02,,,,,,,,,,,,,,,,,,,
-80.32,693.42,-79.65,-1.55,,,,,,,,,,,,,,,,,,,,
-60.96,,,,,,,,,,,,,,,,,,,,,,,
320.76,,,,,,,,,,,,,,,,,,,,,,,
-90.98,203.71,47.31,-79.65,244.58,-66.60,390.76,,,,,,,,,,,,,,,,,
-11.87,-92.33,-87.01,683.14,258.03,-76.05,,,,,,,,,,,,,,,,,,
-83.02,2551.65,-96.51,-45.83,33.02,,,,,,,,,,,,,,,,,,,
490.28,4.27,221.01,,,,,,,,,,,,,,,,,,,,,
-74.13,-79.65,23.06,,,,,,,,,,,,,,,,,,,,,
-96.89,11.88,500.17,,,,,,,,,,,,,,,,,,,,,
-68.93,,,,,,,,,,,,,,,,,,,,,,,
-95.53,-91.02,235.63,497.96,-66.54,,,,,,,,,,,,,,,,,,,
-61.76,,,,,,,,,,,,,,,,,,,,,,,
138.69,,,,,,,,,,,,,,,,,,,,,,,
-87.20,-37.09,-67.65,490.70,113.28,-97.38,249.22,156.44,,,,,,,,,,,,,,,,
138.69,,,,,,,,,,,,,,,,,,,,,,,
-78.47,-66.10,489.26,-79.65,564.57,6.23,,,,,,,,,,,,,,,,,,
-97.20,571.45,,,,,,,,,,,,,,,,,,,,,,
328.46,-64.83,-60.38,,,,,,,,,,,,,,,,,,,,,
62.38,-40.44,-73.23,118.89,-64.62,303.95,-1.79,-79.65,170.74,161.62,74.88,,,,,,,,,,,,,
22.83,-72.03,111.05,160.68,,,,,,,,,,,,,,,,,,,,
-71.74,114.77,-56.65,-84.98,-27.04,-56.91,2977.22,1447.10,-96.83,200.00,296.84,,,,,,,,,,,,,
195.29,-78.81,-44.06,137.43,152.78,-55.76,,,,,,,,,,,,,,,,,,
,,,,,,,,,,,,,,,,,,,,,,,
-85.41,158.94,1164.66,-94.32,252.33,-79.65,195.35,91.23,,,,,,,,,,,,,,,,
-90.60,1486.97,73.77,-88.05,142.98,-82.67,1133.33,-98.35,2681.22,-89.85,,,,,,,,,,,,,,
,,,,,,,,,,,,,,,,,,,,,,,
-41.48,274.81,-80.97,60.65,-36.69,-34.53,-5.64,50.96,59.94,-38.44,170.84,-22.00,-70.95,-4.76,40.22,-5.94,,,,,,,,
138.69,,,,,,,,,,,,,,,,,,,,,,,
-75.88,79.16,41.26,666.03,-98.43,170.74,261.94,,,,,,,,,,,,,,,,,
-85.49,1189.45,322.36,,,,,,,,,,,,,,,,,,,,,
51.83,-49.74,-79.65,1425.98,-90.83,1100.06,7.89,-87.30,22.69,-16.39,,,,,,,,,,,,,,
-58.67,-76.24,54.13,-51.59,,,,,,,,,,,,,,,,,,,,
-92.59,421.36,,,,,,,,,,,,,,,,,,,,,,
-97.96,79.38,96.42,-79.65,367.64,27.42,,,,,,,,,,,,,,,,,,
-35.21,-79.65,-1.55,,,,,,,,,,,,,,,,,,,,,
-48.63,-1.79,-73.48,437.08,-85.94,468.76,-52.92,-12.69,22.69,,,,,,,,,,,,,,,
-85.33,173.30,-79.65,96.90,43.42,,,,,,,,,,,,,,,,,,,
-91.14,1747.14,-24.82,,,,,,,,,,,,,,,,,,,,,
79.11,,,,,,,,,,,,,,,,,,,,,,,
138.69,,,,,,,,,,,,,,,,,,,,,,,
,,,,,,,,,,,,,,,,,,,,,,,
6300.45,-74.38,151.97,-93.76,29.39,1401.37,-92.33,390.76,,,,,,,,,,,,,,,,
198.03,,,,,,,,,,,,,,,,,,,,,,,
,,,,,,,,,,,,,,,,,,,,,,,
-55.43,73.94,-75.53,99.74,-57.07,86.23,,,,,,,,,,,,,,,,,,
,,,,,,,,,,,,,,,,,,,,,,,
-90.60,1690.53,,,,,,,,,,,,,,,,,,,,,,
-23.85,734.96,,,,,,,,,,,,,,,,,,,,,,
-84.67,-34.89,-70.83,378.88,,,,,,,,,,,,,,,,,,,,
,,,,,,,,,,,,,,,,,,,,,,,
-39.84,-79.65,,,,,,,,,,,,,,,,,,,,,,
-82.10,219.25,,,,,,,,,,,,,,,,,,,,,,
-68.12,370.72,-96.57,,,,,,,,,,,,,,,,,,,,,
-18.39,140.37,,,,,,,,,,,,,,,,,,,,,,
-42.27,1274.93,-2.94,,,,,,,,,,,,,,,,,,,,,
-82.93,37.88,69.56,256.92,-20.87,,,,,,,,,,,,,,,,,,,
-98.12,-20.52,468.76,,,,,,,,,,,,,,,,,,,,,
-86.20,2478.89,-42.47,-81.38,-51.36,25.89,303.95,-50.90,-49.12,126.44,-0.23,,,,,,,,,,,,,
-31.40,-71.94,269.59,-94.49,506.43,-92.31,152.99,,,,,,,,,,,,,,,,,
-96.34,3631.95,,,,,,,,,,,,,,,,,,,,,,
-98.96,145.38,,,,,,,,,,,,,,,,,,,,,,
,,,,,,,,,,,,,,,,,,,,,,,
-85.00,,,,,,,,,,,,,,,,,,,,,,,
118.56,-89.81,96.42,164.55,-96.41,2682.87,,,,,,,,,,,,,,,,,,
-95.88,1110.37,,,,,,,,,,,,,,,,,,,,,,
,,,,,,,,,,,,,,,,,,,,,,,
254.17,73.79,,,,,,,,,,,,,,,,,,,,,,
-97.30,1078.51,-89.82,293.80,-28.91,101.73,,,,,,,,,,,,,,,,,,
-72.41,,,,,,,,,,,,,,,,,,,,,,,
-90.91,220.12,212.30,-89.95,,,,,,,,,,,,,,,,,,,,
56.42,,,,,,,,,,,,,,,,,,,,,,,
-62.32,2397.99,,,,,,,,,,,,,,,,,,,,,,
7.00,-80.44,296.71,-73.48,-23.27,613.76,-8.48,-13.54,,,,,,,,,,,,,,,,
72.20,,,,,,,,,,,,,,,,,,,,,,,
138.69,,,,,,,,,,,,,,,,,,,,,,,
116.49,,,,,,,,,,,,,,,,,,,,,,,
66.45,460.80,-17.56,-80.36,2272.23,-81.34,-62.61,30.63,,,,,,,,,,,,,,,,
-83.83,351.22,80.83,22.70,-98.19,374.40,168.92,432.87,-85.31,358.37,49.13,-78.14,165.60,-62.13,1204.42,-94.62,1672.20,-67.54,,,,,,
-97.98,-44.01,-52.92,437.33,,,,,,,,,,,,,,,,,,,,
-94.40,5.51,434.90,,,,,,,,,,,,,,,,,,,,,
-55.42,-18.21,,,,,,,,,,,,,,,,,,,,,,
-90.42,-50.77,2649.00,,,,,,,,,,,,,,,,,,,,,
50.54,-41.07,1133.33,-94.26,489.46,-57.98,-71.95,77.27,20.88,63.59,,,,,,,,,,,,,,
320.76,,,,,,,,,,,,,,,,,,,,,,,
-76.47,237.99,-44.90,175.76,-60.09,,,,,,,,,,,,,,,,,,,
-21.79,123.75,111.05,42.19,,,,,,,,,,,,,,,,,,,,
30.01,6.08,,,,,,,,,,,,,,,,,,,,,,
,,,,,,,,,,,,,,,,,,,,,,,
-98.73,123.75,137.43,26.39,,,,,,,,,,,,,,,,,,,,
-68.13,86.80,22.39,685.93,70.06,-83.41,-53.09,82.83,-78.09,162.53,-75.48,129.92,,,,,,,,,,,,
,,,,,,,,,,,,,,,,,,,,,,,
-55.19,,,,,,,,,,,,,,,,,,,,,,,
,,,,,,,,,,,,,,,,,,,,,,,
-97.72,352.84,-19.31,,,,,,,,,,,,,,,,,,,,,
-85.67,-72.51,,,,,,,,,,,,,,,,,,,,,,
73.88,-87.96,296.71,2.23,-80.09,-1.14,132.81,145.38,,,,,,,,,,,,,,,,
-31.11,106.98,-29.23,-71.25,-75.39,89.59,1583.17,-84.97,,,,,,,,,,,,,,,,
-68.80,-8.28,39.72,350.86,-77.24,-32.87,21.05,,,,,,,,,,,,,,,,,
-47.83,316.37,-79.65,23.06,,,,,,,,,,,,,,,,,,,,
40.25,40.32,,,,,,,,,,,,,,,,,,,,,,
1687.41,-92.49,-47.24,152.78,33.02,,,,,,,,,,,,,,,,,,,
-76.48,75.62,-92.58,906.64,-96.12,374.37,-83.83,413.13,192.59,-96.89,-68.25,935.56,,,,,,,,,,,,
-86.86,-60.65,421.36,,,,,,,,,,,,,,,,,,,,,
-80.87,45.11,,,,,,,,,,,,,,,,,,,,,,
-94.87,447.01,-37.62,-68.86,-36.80,33.02,,,,,,,,,,,,,,,,,,
-39.72,-64.87,-15.82,41.54,-85.62,761.44,40.27,-53.26,318.03,,,,,,,,,,,,,,,
-91.05,230.02,737.88,-26.34,-73.48,667.26,64.90,-97.17,538.50,,,,,,,,,,,,,,,
320.76,,,,,,,,,,,,,,,,,,,,,,,
138.69,,,,,,,,,,,,,,,,,,,,,,,
-63.32,,,,,,,,,,,,,,,,,,,,,,,
-88.16,399.43,-79.65,195.35,139.03,,,,,,,,,,,,,,,,,,,
,,,,,,,,,,,,,,,,,,,,,,,
-92.57,1871.98,-94.69,,,,,,,,,,,,,,,,,,,,,
-93.63,4154.77,,,,,,,,,,,,,,,,,,,,,,
-58.13,101.97,-1.79,-79.65,761.44,-83.75,303.46,,,,,,,,,,,,,,,,,
-59.79,-1.79,-79.65,1352.14,-92.07,390.76,,,,,,,,,,,,,,,,,,
-97.05,-6.70,100.06,,,,,,,,,,,,,,,,,,,,,
-24.70,25.22,-84.83,219.25,,,,,,,,,,,,,,,,,,,,
-92.96,-26.34,-9.84,-78.93,26.49,,,,,,,,,,,,,,,,,,,
,,,,,,,,,,,,,,,,,,,,,,,
-89.92,13.46,1424.01,,,,,,,,,,,,,,,,,,,,,
-78.10,96.42,-79.65,441.48,4.30,,,,,,,,,,,,,,,,,,,
44.29,-76.90,-79.65,96.90,-40.05,,,,,,,,,,,,,,,,,,,
-91.91,-6.70,-49.99,1110.37,,,,,,,,,,,,,,,,,,,,
-88.58,-3.85,,,,,,,,,,,,,,,,,,,,,,
81.08,-71.01,-85.45,-57.28,23.32,1249.60,,,,,,,,,,,,,,,,,,
-94.98,96.42,-79.65,441.48,-47.85,,,,,,,,,,,,,,,,,,,
55.33,,,,,,,,,,,,,,,,,,,,,,,
65.19,-36.14,149.83,-87.92,0.20,16.17,44.21,164.55,-65.34,11.93,137.18,-76.84,-56.36,118.26,351.34,,,,,,,,,
-95.59,1194.68,-82.03,2112.31,,,,,,,,,,,,,,,,,,,,
,,,,,,,,,,,,,,,,,,,,,,,
-95.97,47.57,355.01,-55.76,,,,,,,,,,,,,,,,,,,,
-78.70,867.08,61.07,-50.74,,,,,,,,,,,,,,,,,,,,
524.21,,,,,,,,,,,,,,,,,,,,,,,
-76.93,552.06,,,,,,,,,,,,,,,,,,,,,,
138.69,,,,,,,,,,,,,,,,,,,,,,,
578.18,,,,,,,,,,,,,,,,,,,,,,,
-98.83,41.52,-91.76,505.19,,,,,,,,,,,,,,,,,,,,
-45.72,352.36,-74.96,-24.17,,,,,,,,,,,,,,,,,,,,
8.91,17.85,-79.65,244.58,63.91,,,,,,,,,,,,,,,,,,,
-28.71,-79.65,413.13,48.69,-62.99,,,,,,,,,,,,,,,,,,,
194.71,-94.17,3572.29,,,,,,,,,,,,,,,,,,,,,
-35.21,-79.65,-1.55,,,,,,,,,,,,,,,,,,,,,
-90.17,76.25,111.59,-46.43,-18.60,170.74,-72.11,-61.90,158.89,,,,,,,,,,,,,,,
-32.38,71.93,72.58,-86.40,-5.31,518.42,-30.48,-20.21,-96.77,6028.04,-56.11,113.42,-87.72,513.36,-81.75,298.28,-70.18,37.15,-86.51,881.82,176.47,-56.95,-26.15,30.66
-95.57,3762.16,,,,,,,,,,,,,,,,,,,,,,
43.06,,,,,,,,,,,,,,,,,,,,,,,
-93.67,-1.79,245.95,-55.12,-93.88,505.19,5.51,514.14,,,,,,,,,,,,,,,,
-17.85,96.42,-29.88,-72.92,202.59,,,,,,,,,,,,,,,,,,,
-59.10,,,,,,,,,,,,,,,,,,,,,,,
76.48,-79.65,293.80,79.27,,,,,,,,,,,,,,,,,,,,
-40.66,-75.86,112.88,10.04,-79.65,170.74,9.01,-16.06,,,,,,,,,,,,,,,,
-90.80,948.59,-92.80,2220.16,-89.15,,,,,,,,,,,,,,,,,,,
-99.02,489.26,-79.65,2016.68,,,,,,,,,,,,,,,,,,,,
,,,,,,,,,,,,,,,,,,,,,,,
-35.21,-79.65,-1.55,,,,,,,,,,,,,,,,,,,,,
-75.21,-79.65,-1.55,-52.60,152.99,,,,,,,,,,,,,,,,,,,
-48.62,,,,,,,,,,,,,,,,,,,,,,,
,,,,,,,,,,,,,,,,,,,,,,,
-84.94,86.97,244.88,,,,,,,,,,,,,,,,,,,,,
-77.16,47.31,-76.41,331.32,-80.31,186.84,-16.39,,,,,,,,,,,,,,,,,
-74.45,145.38,58.26,-73.59,,,,,,,,,,,,,,,,,,,,
-7.21,,,,,,,,,,,,,,,,,,,,,,,
-86.41,1895.58,,,,,,,,,,,,,,,,,,,,,,
519.79,-0.69,,,,,,,,,,,,,,,,,,,,,,
-98.33,1621.12,,,,,,,,,,,,,,,,,,,,,,
,,,,,,,,,,,,,,,,,,,,,,,
138.69,,,,,,,,,,,,,,,,,,,,,,,
-77.30,,,,,,,,,,,,,,,,,,,,,,,
-45.57,-29.75,47.31,-79.65,564.54,,,,,,,,,,,,,,,,,,,
-86.28,130.31,96.42,-38.95,244.58,-90.97,147.18,,,,,,,,,,,,,,,,,
-79.42,-86.33,438.59,-26.34,305.70,-95.32,219.25,,,,,,,,,,,,,,,,,
-35.21,-79.65,-1.55,,,,,,,,,,,,,,,,,,,,,
,,,,,,,,,,,,,,,,,,,,,,,
578.18,,,,,,,,,,,,,,,,,,,,,,,
-91.89,2478.89,-52.93,162.72,34.87,-33.42,55.91,62.62,-48.91,72.71,84.10,-71.36,1166.28,-57.87,170.01,-63.65,770.42,-81.99,-86.01,,,,,
-43.40,450.74,-87.91,95.75,-90.81,124.41,17.85,73.00,29.39,95.08,-72.47,452.96,-56.71,-1.85,119.47,,,,,,,,,
-67.30,220.18,,,,,,,,,,,,,,,,,,,,,,
566.29,-96.93,795.69,-65.34,-93.69,1179.85,-77.94,,,,,,,,,,,,,,,,,
56.42,,,,,,,,,,,,,,,,,,,,,,,
-47.36,-16.74,84.41,-15.82,191.75,-93.02,146.13,930.97,,,,,,,,,,,,,,,,
-35.21,-79.65,-1.55,,,,,,,,,,,,,,,,,,,,,
-93.23,3.78,-74.39,732.47,-32.96,419.11,-95.54,251.21,-80.36,295.71,-87.36,4706.77,,,,,,,,,,,,
-81.33,47.31,-79.65,72.29,62.50,0.86,,,,,,,,,,,,,,,,,,
-97.19,-53.34,1177.01,,,,,,,,,,,,,,,,,,,,,
-87.76,,,,,,,,,,,,,,,,,,,,,,,
-89.00,,,,,,,,,,,,,,,,,,,,,,,
-67.99,,,,,,,,,,,,,,,,,,,,,,,
100.59,-85.53,-50.92,134.64,96.42,-76.41,-13.74,-1.55,134.31,144.84,,,,,,,,,,,,,,
32.72,,,,,,,,,,,,,,,,,,,,,,,
-35.21,-79.65,-1.55,,,,,,,,,,,,,,,,,,,,,
-88.69,242.56,-65.28,618.25,-54.82,-44.65,-48.12,-81.52,,,,,,,,,,,,,,,,
56.87,-74.96,-24.17,219.25,,,,,,,,,,,,,,,,,,,,
-90.05,438.59,-26.34,1024.49,,,,,,,,,,,,,,,,,,,,
72.20,,,,,,,,,,,,,,,,,,,,,,,
-44.38,-68.99,-39.90,-68.40,,,,,,,,,,,,,,,,,,,,
-97.16,293.80,101.44,-64.40,-58.20,,,,,,,,,,,,,,,,,,,
,,,,,,,,,,,,,,,,,,,,,,,
13.38,-88.45,-79.65,170.74,108.61,-47.75,,,,,,,,,,,,,,,,,,
,,,,,,,,,,,,,,,,,,,,,,,
124.12,,,,,,,,,,,,,,,,,,,,,,,
-84.49,-91.52,571.26,80.27,-44.51,,,,,,,,,,,,,,,,,,,
,,,,,,,,,,,,,,,,,,,,,,,
-98.28,319.84,-88.89,,,,,,,,,,,,,,,,,,,,,
-35.21,-79.65,-1.55,,,,,,,,,,,,,,,,,,,,,
-76.66,-79.65,244.58,-86.46,152.99,,,,,,,,,,,,,,,,,,,
138.69,,,,,,,,,,,,,,,,,,,,,,,
-97.04,207.73,,,,,,,,,,,,,,,,,,,,,,
82.20,-79.65,-1.55,-52.60,,,,,,,,,,,,,,,,,,,,
,,,,,,,,,,,,,,,,,,,,,,,
-75.52,,,,,,,,,,,,,,,,,,,,,,,
-82.59,6.91,-48.29,,,,,,,,,,,,,,,,,,,,,
-94.21,1469.00,,,,,,,,,,,,,,,,,,,,,,
-35.21,-79.65,-1.55,,,,,,,,,,,,,,,,,,,,,
88.25,-64.94,-45.83,353.89,,,,,,,,,,,,,,,,,,,,
320.76,,,,,,,,,,,,,,,,,,,,,,,
,,,,,,,,,,,,,,,,,,,,,,,
-26.07,-83.33,-64.77,636.14,-79.10,,,,,,,,,,,,,,,,,,,
-98.27,1621.03,,,,,,,,,,,,,,,,,,,,,,
-90.02,-55.59,116.31,294.24,44.73,110.29,-97.60,460.71,112.05,-43.02,-49.65,126.03,,,,,,,,,,,,
,,,,,,,,,,,,,,,,,,,,,,,
-32.11,-74.02,,,,,,,,,,,,,,,,,,,,,,
-35.85,37.55,-54.92,-57.87,,,,,,,,,,,,,,,,,,,,
72.20,,,,,,,,,,,,,,,,,,,,,,,
-98.30,106.60,225.01,,,,,,,,,,,,,,,,,,,,,
-51.57,,,,,,,,,,,,,,,,,,,,,,,
321.39,-95.08,34.65,96.42,-85.27,497.96,1182.50,-93.74,-48.62,417.78,-83.49,,,,,,,,,,,,,
74.61,,,,,,,,,,,,,,,,,,,,,,,
48.62,-73.48,-24.46,-5.21,84.97,,,,,,,,,,,,,,,,,,,
-91.58,905.58,,,,,,,,,,,,,,,,,,,,,,
-60.98,-79.99,-60.74,173.61,-57.54,303.95,-1.79,-79.65,219.96,-64.03,53.87,,,,,,,,,,,,,
34.37,,,,,,,,,,,,,,,,,,,,,,,
-41.78,-94.99,279.17,219.25,,,,,,,,,,,,,,,,,,,,
44.44,-94.13,273.49,47.31,-26.16,-36.80,,,,,,,,,,,,,,,,,,
-42.31,178.15,-87.36,243.73,-25.86,-85.37,1878.56,-86.10,,,,,,,,,,,,,,,,
-92.74,423.78,-92.37,539.93,-11.74,,,,,,,,,,,,,,,,,,,
-11.88,,,,,,,,,,,,,,,,,,,,,,,
-77.17,-68.90,600.20,-45.79,,,,,,,,,,,,,,,,,,,,
-84.46,,,,,,,,,,,,,,,,,,,,,,,
,,,,,,,,,,,,,,,,,,,,,,,
-78.12,-5.21,202.59,,,,,,,,,,,,,,,,,,,,,
-68.51,85.25,227.93,-96.97,-87.01,11.88,3144.84,-81.50,,,,,,,,,,,,,,,,
2.92,-39.58,-46.43,-79.65,1647.49,-97.33,2300.11,-89.72,464.18,,,,,,,,,,,,,,,
,,,,,,,,,,,,,,,,,,,,,,,
-88.11,51.67,,,,,,,,,,,,,,,,,,,,,,
-91.11,404.32,,,,,,,,,,,,,,,,,,,,,,
-27.86,,,,,,,,,,,,,,,,,,,,,,,
-98.27,18.06,468.76,-55.76,,,,,,,,,,,,,,,,,,,,
-56.20,444.91,,,,,,,,,,,,,,,,,,,,,,
15.16,-59.09,19.05,-67.76,489.26,-79.65,392.25,-54.50,-26.44,150.76,,,,,,,,,,,,,,
-7.96,,,,,,,,,,,,,,,,,,,,,,,
-50.67,-32.87,-21.79,17.85,103.50,-90.67,585.90,32.17,-86.39,676.67,288.03,,,,,,,,,,,,,
-78.01,,,,,,,,,,,,,,,,,,,,,,,
-8.72,-16.65,-93.95,372.22,136.98,-73.45,,,,,,,,,,,,,,,,,,
,,,,,,,,,,,,,,,,,,,,,,,
573.24,17.85,-79.65,293.80,-71.56,152.15,,,,,,,,,,,,,,,,,,
-94.81,914.83,-88.37,-68.40,202.59,,,,,,,,,,,,,,,,,,,
44.29,-97.72,489.26,-79.65,-1.55,7034.51,,,,,,,,,,,,,,,,,,
,,,,,,,,,,,,,,,,,,,,,,,
,,,,,,,,,,,,,,,,,,,,,,,
-54.61,,,,,,,,,,,,,,,,,,,,,,,
-90.68,14.03,236.62,17.85,-46.95,1486.17,,,,,,,,,,,,,,,,,,
-84.47,-68.90,5.52,-52.60,1110.37,,,,,,,,,,,,,,,,,,,
-95.93,121.35,-49.44,-49.57,,,,,,,,,,,,,,,,,,,,
-95.23,129.15,-91.28,318.41,-88.85,146.63,145.38,,,,,,,,,,,,,,,,,
-33.53,-90.84,205.97,,,,,,,,,,,,,,,,,,,,,
-94.42,1110.37,,,,,,,,,,,,,,,,,,,,,,
-68.86,-96.14,11.88,242.95,75.00,-78.92,,,,,,,,,,,,,,,,,,
-72.03,-96.09,9500.46,-93.93,160.61,1191.31,,,,,,,,,,,,,,,,,,
-96.51,1347.47,-86.30,-44.95,214.24,99.80,,,,,,,,,,,,,,,,,,
-81.54,10.59,-26.01,133.71,,,,,,,,,,,,,,,,,,,,
-56.57,-74.96,13.75,219.25,,,,,,,,,,,,,,,,,,,,
-88.06,,,,,,,,,,,,,,,,,,,,,,,
31.98,,,,,,,,,,,,,,,,,,,,,,,
138.69,,,,,,,,,,,,,,,,,,,,,,,
263.27,,,,,,,,,,,,,,,,,,,,,,,
320.76,,,,,,,,,,,,,,,,,,,,,,,
-94.44,-13.74,226.54,-85.71,1496.26,,,,,,,,,,,,,,,,,,,
-56.09,-80.25,-7.52,1980.57,279.52,33.94,-46.64,-26.34,269.59,-31.17,-15.33,873.55,-76.87,,,,,,,,,,,
-73.40,,,,,,,,,,,,,,,,,,,,,,,
-1.16,,,,,,,,,,,,,,,,,,,,,,,
-97.60,121.51,110.65,-75.34,,,,,,,,,,,,,,,,,,,,
-92.51,1788.89,-89.04,,,,,,,,,,,,,,,,,,,,,
72.20,,,,,,,,,,,,,,,,,,,,,,,
-71.54,-0.12,-58.04,780.52,,,,,,,,,,,,,,,,,,,,
-98.38,1985.74,,,,,,,,,,,,,,,,,,,,,,
,,,,,,,,,,,,,,,,,,,,,,,
-90.85,75.00,-38.34,,,,,,,,,,,,,,,,,,,,,
-35.21,-79.65,-1.55,,,,,,,,,,,,,,,,,,,,,
,,,,,,,,,,,,,,,,,,,,,,,
-35.29,-42.29,96.42,-79.65,613.76,,,,,,,,,,,,,,,,,,,
-81.50,-79.65,121.51,-78.93,279.48,,,,,,,,,,,,,,,,,,,
-95.91,-79.25,212.58,33.42,-6.11,329.63,-60.09,33.02,,,,,,,,,,,,,,,,
22.77,-79.65,133.24,-57.79,473.68,,,,,,,,,,,,,,,,,,,
,,,,,,,,,,,,,,,,,,,,,,,
140.01,,,,,,,,,,,,,,,,,,,,,,,
,,,,,,,,,,,,,,,,,,,,,,,
-37.65,523.62,,,,,,,,,,,,,,,,,,,,,,
-90.31,486.08,-47.49,,,,,,,,,,,,,,,,,,,,,
-76.66,96.42,-79.65,859.89,-7.64,-36.30,-37.30,,,,,,,,,,,,,,,,,
-85.18,96.42,75.30,-89.17,219.25,,,,,,,,,,,,,,,,,,,
5.38,,,,,,,,,,,,,,,,,,,,,,,
-67.66,-29.75,47.31,-79.65,219.96,76.52,,,,,,,,,,,,,,,,,,
514.94,-46.34,,,,,,,,,,,,,,,,,,,,,,
-26.27,,,,,,,,,,,,,,,,,,,,,,,
-91.91,226.63,72.91,,,,,,,,,,,,,,,,,,,,,
40.06,96.42,-79.65,-6.70,902.47,-95.01,,,,,,,,,,,,,,,,,,
-35.21,-79.65,-1.55,,,,,,,,,,,,,,,,,,,,,
-62.25,10.99,-79.65,-50.77,-5.21,1412.96,,,,,,,,,,,,,,,,,,
-89.08,180.12,96.42,113.68,-13.27,-24.01,-8.54,-10.77,-37.30,,,,,,,,,,,,,,,
320.76,,,,,,,,,,,,,,,,,,,,,,,
-12.27,,,,,,,,,,,,,,,,,,,,,,,
-96.22,-37.75,489.26,-18.60,-56.93,-72.92,152.99,,,,,,,,,,,,,,,,,
320.76,,,,,,,,,,,,,,,,,,,,,,,
,,,,,,,,,,,,,,,,,,,,,,,
-82.76,101.73,,,,,,,,,,,,,,,,,,,,,,
313.34,,,,,,,,,,,,,,,,,,,,,,,
-35.21,-79.65,-1.55,,,,,,,,,,,,,,,,,,,,,
-94.51,-49.99,,,,,,,,,,,,,,,,,,,,,,
-96.67,,,,,,,,,,,,,,,,,,,,,,,
,,,,,,,,,,,,,,,,,,,,,,,
-97.92,321.50,145.52,-87.79,662.99,-95.68,1613.85,,,,,,,,,,,,,,,,,
,,,,,,,,,,,,,,,,,,,,,,,
-81.91,1219.26,,,,,,,,,,,,,,,,,,,,,,
-93.62,47.31,-79.65,219.96,-85.42,1110.37,,,,,,,,,,,,,,,,,,
-91.11,166.03,,,,,,,,,,,,,,,,,,,,,,
313.34,,,,,,,,,,,,,,,,,,,,,,,
-97.96,489.26,-44.90,-65.53,,,,,,,,,,,,,,,,,,,,
-98.17,-13.74,-53.34,1110.37,,,,,,,,,,,,,,,,,,,,
-96.78,1110.37,,,,,,,,,,,,,,,,,,,,,,
-95.14,1614.39,-80.45,34.65,-15.82,1.75,67.37,-73.23,17.70,-34.52,173.54,-21.30,,,,,,,,,,,,
,,,,,,,,,,,,,,,,,,,,,,,
-97.13,421.36,208.17,,,,,,,,,,,,,,,,,,,,,
44.29,-94.72,210.46,-79.65,121.51,246.40,,,,,,,,,,,,,,,,,,
72.20,,,,,,,,,,,,,,,,,,,,,,,
320.76,,,,,,,,,,,,,,,,,,,,,,,
-68.64,45.92,-33.60,-96.80,646.98,47.31,-79.65,553.08,43.21,-95.01,2454.02,,,,,,,,,,,,,
-73.03,298.58,,,,,,,,,,,,,,,,,,,,,,
-48.66,96.42,-79.65,490.70,-60.50,140.01,-49.57,,,,,,,,,,,,,,,,,
226.98,-79.14,-80.60,47.31,-79.65,269.19,-55.37,43.29,,,,,,,,,,,,,,,,
-93.86,106.60,48.96,,,,,,,,,,,,,,,,,,,,,
7.70,13.03,-13.44,-34.53,-46.95,-61.64,219.96,76.52,,,,,,,,,,,,,,,,
-45.72,352.36,-79.65,-1.55,,,,,,,,,,,,,,,,,,,,
-68.76,-71.27,142.07,137.39,,,,,,,,,,,,,,,,,,,,
-26.66,25.22,-84.83,219.25,,,,,,,,,,,,,,,,,,,,
-95.67,-90.80,106.67,1318.99,-53.35,16625.42,-75.60,-93.96,29.45,375.46,,,,,,,,,,,,,,
,,,,,,,,,,,,,,,,,,,,,,,
-97.82,-28.54,11.88,1561.99,-66.90,,,,,,,,,,,,,,,,,,,
-67.92,86.74,-64.84,55.31,26.44,-53.26,,,,,,,,,,,,,,,,,,
-88.10,47.31,-79.65,195.35,-84.20,,,,,,,,,,,,,,,,,,,
-77.64,,,,,,,,,,,,,,,,,,,,,,,
-98.59,9500.46,-81.09,,,,,,,,,,,,,,,,,,,,,
-42.37,-79.97,-5.21,219.25,,,,,,,,,,,,,,,,,,,,
,,,,,,,,,,,,,,,,,,,,,,,
-95.83,3200.52,,,,,,,,,,,,,,,,,,,,,,
,,,,,,,,,,,,,,,,,,,,,,,
-43.57,,,,,,,,,,,,,,,,,,,,,,,
-84.92,163.18,,,,,,,,,,,,,,,,,,,,,,
-85.09,-79.65,343.03,-89.47,,,,,,,,,,,,,,,,,,,,
-54.97,,,,,,,,,,,,,,,,,,,,,,,
-26.27,,,,,,,,,,,,,,,,,,,,,,,
-53.99,586.16,,,,,,,,,,,,,,,,,,,,,,
-54.50,59.63,,,,,,,,,,,,,,,,,,,,,,
-35.21,-79.65,-1.55,,,,,,,,,,,,,,,,,,,,,
-74.33,-5.21,,,,,,,,,,,,,,,,,,,,,,
-60.52,66.48,-79.65,-1.55,268.20,-22.10,,,,,,,,,,,,,,,,,,
24.58,267.98,637.63,-57.91,416.86,-45.36,,,,,,,,,,,,,,,,,,
470.18,-91.81,-55.35,339.71,-78.22,404.72,-82.21,194.63,1299.72,-81.10,-52.67,-63.60,503.21,-91.48,156.44,,,,,,,,,
15.54,,,,,,,,,,,,,,,,,,,,,,,
-72.80,-56.14,,,,,,,,,,,,,,,,,,,,,,
-88.19,-40.97,160.68,,,,,,,,,,,,,,,,,,,,,
-79.33,693.42,-79.65,-1.55,-52.60,,,,,,,,,,,,,,,,,,,
,,,,,,,,,,,,,,,,,,,,,,,
-63.38,-74.96,-24.17,219.25,,,,,,,,,,,,,,,,,,,,
-68.59,-76.02,355.01,139.44,,,,,,,,,,,,,,,,,,,,
-90.51,525.69,-65.76,,,,,,,,,,,,,,,,,,,,,
-86.28,-53.98,,,,,,,,,,,,,,,,,,,,,,
-94.16,106.60,197.92,,,,,,,,,,,,,,,,,,,,,
,,,,,,,,,,,,,,,,,,,,,,,
-90.02,-71.23,-2.30,,,,,,,,,,,,,,,,,,,,,
,,,,,,,,,,,,,,,,,,,,,,,
-98.18,11.88,163.81,127.50,-55.76,,,,,,,,,,,,,,,,,,,
-95.25,64.16,-76.18,194.63,340.36,260.46,,,,,,,,,,,,,,,,,,
138.69,,,,,,,,,,,,,,,,,,,,,,,
-53.33,154.98,-77.42,96.42,22.10,-71.29,1720.12,,,,,,,,,,,,,,,,,
-58.39,-41.72,58.06,96.42,-73.48,168.54,86.65,-74.78,319.07,-48.71,,,,,,,,,,,,,,
994.13,-92.04,-22.38,-79.65,539.93,10.32,,,,,,,,,,,,,,,,,,
313.34,,,,,,,,,,,,,,,,,,,,,,,
-89.96,549.31,-5.21,,,,,,,,,,,,,,,,,,,,,
-91.34,243.73,-82.83,184.38,,,,,,,,,,,,,,,,,,,,
-95.82,117.96,-78.15,-58.78,-41.91,909.44,-21.40,104.45,-90.05,761.44,-88.52,16.41,156.44,,,,,,,,,,,
-92.73,-20.87,-60.38,39.90,,,,,,,,,,,,,,,,,,,,
320.76,,,,,,,,,,,,,,,,,,,,,,,
,,,,,,,,,,,,,,,,,,,,,,,
-62.50,-68.61,-55.22,,,,,,,,,,,,,,,,,,,,,
11.88,269.33,48.96,,,,,,,,,,,,,,,,,,,,,
-42.71,-86.83,489.26,-79.65,589.15,-83.30,,,,,,,,,,,,,,,,,,
-95.62,-4.79,-26.84,,,,,,,,,,,,,,,,,,,,,
-86.15,50.46,-15.82,1278.30,2276.60,,,,,,,,,,,,,,,,,,,
320.76,,,,,,,,,,,,,,,,,,,,,,,
,,,,,,,,,,,,,,,,,,,,,,,
-72.41,,,,,,,,,,,,,,,,,,,,,,,
-98.71,-40.97,942.73,,,,,,,,,,,,,,,,,,,,,
-89.96,-79.65,72.29,-72.92,1110.37,,,,,,,,,,,,,,,,,,,
-93.82,489.26,-79.65,-1.55,199.77,,,,,,,,,,,,,,,,,,,
-92.87,32.89,-84.06,194.63,-79.65,-6.70,1350.94,-47.85,,,,,,,,,,,,,,,,
-68.87,467.52,,,,,,,,,,,,,,,,,,,,,,
-93.88,1110.37,,,,,,,,,,,,,,,,,,,,,,
-90.62,304.78,299.35,-91.10,-43.40,-68.52,,,,,,,,,,,,,,,,,,
71.53,,,,,,,,,,,,,,,,,,,,,,,
-62.53,544.09,,,,,,,,,,,,,,,,,,,,,,
-80.99,-76.30,-29.38,336.53,3.56,,,,,,,,,,,,,,,,,,,
-99.19,873.96,-31.06,,,,,,,,,,,,,,,,,,,,,
-44.97,,,,,,,,,,,,,,,,,,,,,,,
292.42,-92.60,909.86,-80.36,10.09,20.15,604.30,-92.66,-65.75,636.14,,,,,,,,,,,,,,
-41.32,55.23,-79.65,219.96,120.64,,,,,,,,,,,,,,,,,,,
72.20,,,,,,,,,,,,,,,,,,,,,,,
-35.21,-79.65,-1.55,,,,,,,,,,,,,,,,,,,,,
-81.72,,,,,,,,,,,,,,,,,,,,,,,
-26.06,-79.65,72.29,403.27,,,,,,,,,,,,,,,,,,,,
-23.68,-79.65,293.80,-83.26,,,,,,,,,,,,,,,,,,,,
-92.53,77.08,73.79,,,,,,,,,,,,,,,,,,,,,
208.16,-96.72,36.80,-57.54,909.86,-60.72,6.09,-80.82,1229.08,166.46,-65.02,,,,,,,,,,,,,
,,,,,,,,,,,,,,,,,,,,,,,
-92.61,-1.55,136.98,142.07,,,,,,,,,,,,,,,,,,,,
-96.20,283.84,-32.12,-9.33,,,,,,,,,,,,,,,,,,,,
-98.20,-53.66,1710.82,114.56,-62.70,33.02,,,,,,,,,,,,,,,,,,
-98.72,860.36,17.68,,,,,,,,,,,,,,,,,,,,,
-96.38,207.08,47.31,154.38,-6.70,121.60,-25.19,-88.09,4132.83,49.85,-99.19,949.28,,,,,,,,,,,,
-98.80,-15.67,,,,,,,,,,,,,,,,,,,,,,
102.10,-18.89,-57.91,-79.65,1056.79,-51.18,,,,,,,,,,,,,,,,,,
56.87,-4.84,-80.04,,,,,,,,,,,,,,,,,,,,,
-98.65,-53.34,1110.37,,,,,,,,,,,,,,,,,,,,,
57.29,-71.79,-17.14,-84.65,2885.51,-38.99,-43.61,45.67,-72.38,,,,,,,,,,,,,,,
-77.39,-29.34,489.26,-79.65,133.24,-57.79,473.68,,,,,,,,,,,,,,,,,
-98.78,1858.18,158.93,-21.98,-98.64,3726.69,-75.45,14.47,366.00,304.93,,,,,,,,,,,,,,
320.76,,,,,,,,,,,,,,,,,,,,,,,
-2.07,,,,,,,,,,,,,,,,,,,,,,,
-91.36,16.67,10.73,-44.05,17.82,-15.82,32.62,119.40,-93.01,121.51,3165.10,,,,,,,,,,,,,
320.76,,,,,,,,,,,,,,,,,,,,,,,
,,,,,,,,,,,,,,,,,,,,,,,
-50.38,-34.88,-54.71,-88.09,178.02,27.39,89.59,-55.76,,,,,,,,,,,,,,,,
-12.27,,,,,,,,,,,,,,,,,,,,,,,
360.38,-2.04,-81.59,-79.65,-6.70,902.47,-81.07,39.90,,,,,,,,,,,,,,,,
,,,,,,,,,,,,,,,,,,,,,,,
20.87,,,,,,,,,,,,,,,,,,,,,,,
138.69,,,,,,,,,,,,,,,,,,,,,,,
-5.88,-69.47,-34.37,16.89,390.76,,,,,,,,,,,,,,,,,,,
,,,,,,,,,,,,,,,,,,,,,,,
313.34,,,,,,,,,,,,,,,,,,,,,,,
-3.41,-96.48,-49.99,146.63,390.76,,,,,,,,,,,,,,,,,,,
-92.48,749.02,-68.92,-6.70,342.86,,,,,,,,,,,,,,,,,,,
94.74,-39.90,-68.40,,,,,,,,,,,,,,,,,,,,,
127.59,,,,,,,,,,,,,,,,,,,,,,,
-91.56,468.76,,,,,,,,,,,,,,,,,,,,,,
13.87,,,,,,,,,,,,,,,,,,,,,,,
,,,,,,,,,,,,,,,,,,,,,,,
127.52,-87.12,55.23,-38.95,162.53,-28.29,,,,,,,,,,,,,,,,,,
-13.48,-79.12,-41.57,,,,,,,,,,,,,,,,,,,,,
198.03,,,,,,,,,,,,,,,,,,,,,,,
-1.79,-79.65,367.64,-36.89,,,,,,,,,,,,,,,,,,,,
,,,,,,,,,,,,,,,,,,,,,,,
-44.52,-83.17,3828.37,-97.02,-48.85,1112.86,13.64,-52.60,-82.38,,,,,,,,,,,,,,,
-53.81,-79.65,-50.77,1047.35,-26.84,,,,,,,,,,,,,,,,,,,
-91.12,9.51,-13.11,45.11,,,,,,,,,,,,,,,,,,,,
-87.94,-74.51,639.43,164.10,-82.81,77.62,-50.43,86.74,141.06,-38.11,193.66,24.42,-77.36,-10.97,109.79,-72.17,-71.23,565.19,,,,,,
,,,,,,,,,,,,,,,,,,,,,,,
-96.08,-6.70,-49.99,417.90,95.40,,,,,,,,,,,,,,,,,,,
-96.92,-53.34,152.99,,,,,,,,,,,,,,,,,,,,,
101.69,-81.01,378.88,,,,,,,,,,,,,,,,,,,,,
-21.13,-79.65,72.29,227.81,,,,,,,,,,,,,,,,,,,,
-93.19,-30.01,303.46,,,,,,,,,,,,,,,,,,,,,
-75.42,-59.02,-15.82,-79.65,1647.49,-47.20,129.53,,,,,,,,,,,,,,,,,
,,,,,,,,,,,,,,,,,,,,,,,
44.29,-19.83,-63.47,-79.65,293.80,79.27,,,,,,,,,,,,,,,,,,
-97.48,606.23,71.38,,,,,,,,,,,,,,,,,,,,,
-56.18,,,,,,,,,,,,,,,,,,,,,,,
313.34,,,,,,,,,,,,,,,,,,,,,,,
-98.32,343.03,-89.47,146.63,390.76,,,,,,,,,,,,,,,,,,,
47.45,47.31,-64.94,-45.83,,,,,,,,,,,,,,,,,,,,
-92.69,3491.11,,,,,,,,,,,,,,,,,,,,,,
-91.21,-87.56,-49.99,547.37,,,,,,,,,,,,,,,,,,,,
-89.23,2649.86,-97.82,,,,,,,,,,,,,,,,,,,,,
627.06,-73.22,-81.01,84.97,,,,,,,,,,,,,,,,,,,,
-26.08,-48.82,96.42,-79.65,392.25,14.74,,,,,,,,,,,,,,,,,,
-99.10,134.43,43.17,665.04,-73.85,33.02,,,,,,,,,,,,,,,,,,
72.20,,,,,,,,,,,,,,,,,,,,,,,
,,,,,,,,,,,,,,,,,,,,,,,
-30.22,-90.08,489.26,-79.65,,,,,,,,,,,,,,,,,,,,
,,,,,,,,,,,,,,,,,,,,,,,
-83.67,296.71,-79.97,-5.21,,,,,,,,,,,,,,,,,,,,
539.10,,,,,,,,,,,,,,,,,,,,,,,
-45.05,7.17,-95.00,450.16,,,,,,,,,,,,,,,,,,,,
-72.49,70.30,-88.85,217.80,,,,,,,,,,,,,,,,,,,,
,,,,,,,,,,,,,,,,,,,,,,,
888.29,-94.19,464.78,,,,,,,,,,,,,,,,,,,,,
-76.73,-68.69,-56.46,-84.93,-69.17,-22.10,,,,,,,,,,,,,,,,,,
-95.54,,,,,,,,,,,,,,,,,,,,,,,
-70.08,-89.84,2125.39,,,,,,,,,,,,,,,,,,,,,
-61.64,,,,,,,,,,,,,,,,,,,,,,,
-97.18,-55.12,489.26,-79.65,662.99,-93.88,2134.77,,,,,,,,,,,,,,,,,
-67.82,61.47,-71.16,16.72,17.85,-79.65,1425.98,-84.53,,,,,,,,,,,,,,,,
5.80,679.33,-87.78,187.61,41.53,-48.46,-97.70,-6.70,1007.99,658.38,-92.80,,,,,,,,,,,,,
44.99,-33.31,-13.81,-1.79,-79.65,1278.30,88.88,,,,,,,,,,,,,,,,,
-98.10,15586.88,,,,,,,,,,,,,,,,,,,,,,
-93.11,62.33,89.59,,,,,,,,,,,,,,,,,,,,,
-85.14,,,,,,,,,,,,,,,,,,,,,,,
-86.98,141.61,-92.72,911.85,-70.24,-25.42,467.19,-51.50,,,,,,,,,,,,,,,,
178.63,-81.33,-89.69,523.36,-60.32,47.31,-79.65,539.93,-53.44,,,,,,,,,,,,,,,
72.20,,,,,,,,,,,,,,,,,,,,,,,
-91.90,,,,,,,,,,,,,,,,,,,,,,,
-26.27,,,,,,,,,,,,,,,,,,,,,,,
-64.34,-54.44,96.42,0.17,-81.04,219.25,,,,,,,,,,,,,,,,,,
-79.65,942.79,,,,,,,,,,,,,,,,,,,,,,
122.85,,,,,,,,,,,,,,,,,,,,,,,
,,,,,,,,,,,,,,,,,,,,,,,
-99.53,331.32,179.89,-41.96,-94.26,146.63,,,,,,,,,,,,,,,,,,
66.07,-83.83,1.54,-3.28,96.42,-26.16,293.22,,,,,,,,,,,,,,,,,
-91.54,279.17,,,,,,,,,,,,,,,,,,,,,,
123.64,,,,,,,,,,,,,,,,,,,,,,,
44.29,-96.49,86.74,47.31,-79.65,687.60,-24.34,,,,,,,,,,,,,,,,,
25.01,30.95,-84.27,27.39,-52.60,219.25,,,,,,,,,,,,,,,,,,
17.94,-87.22,1169.55,,,,,,,,,,,,,,,,,,,,,
-1.44,142.18,,,,,,,,,,,,,,,,,,,,,,
26.14,-79.65,182.39,,,,,,,,,,,,,,,,,,,,,
-64.33,352.36,-34.89,-70.83,,,,,,,,,,,,,,,,,,,,
-35.21,-79.65,-1.55,,,,,,,,,,,,,,,,,,,,,
-93.41,-74.12,133.24,-79.99,2454.02,,,,,,,,,,,,,,,,,,,
-71.71,-33.20,,,,,,,,,,,,,,,,,,,,,,
-83.31,-79.10,109.86,,,,,,,,,,,,,,,,,,,,,
129.17,-15.82,-79.65,-1.55,617.09,,,,,,,,,,,,,,,,,,,
-92.67,-23.23,77.08,73.79,,,,,,,,,,,,,,,,,,,,
-23.71,138.11,39.08,-38.02,41.43,-97.42,1730.10,-99.36,676.37,43.57,-74.00,47.12,,,,,,,,,,,,
-80.10,-63.19,137.33,108.71,-68.99,497.63,-28.49,4.31,-48.88,180.01,-57.96,-86.90,378.70,,,,,,,,,,,
-88.49,,,,,,,,,,,,,,,,,,,,,,,
320.76,,,,,,,,,,,,,,,,,,,,,,,
-64.95,2168.37,,,,,,,,,,,,,,,,,,,,,,
,,,,,,,,,,,,,,,,,,,,,,,
135.31,-79.97,-5.21,378.88,,,,,,,,,,,,,,,,,,,,
-57.52,-32.63,-74.68,-50.90,42.40,316.82,-73.60,66.93,-86.57,,,,,,,,,,,,,,,
-97.69,1580.70,118.24,-93.90,86.59,810.14,-97.25,1110.37,,,,,,,,,,,,,,,,
-50.46,-59.30,35.37,-48.29,303.46,,,,,,,,,,,,,,,,,,,
,,,,,,,,,,,,,,,,,,,,,,,
-84.32,66.97,96.42,-79.65,23.06,358.94,,,,,,,,,,,,,,,,,,
-96.08,10.03,,,,,,,,,,,,,,,,,,,,,,
-75.81,,,,,,,,,,,,,,,,,,,,,,,
-59.83,-68.93,96.42,-59.30,-50.77,473.68,,,,,,,,,,,,,,,,,,
-75.86,-67.39,169.30,-70.54,-73.48,404.02,-1.05,-42.59,374.85,-81.57,380.02,-49.56,-12.27,,,,,,,,,,,
32.99,,,,,,,,,,,,,,,,,,,,,,,
-75.21,96.42,112.19,-90.41,392.25,629.71,,,,,,,,,,,,,,,,,,
-59.10,,,,,,,,,,,,,,,,,,,,,,,
,,,,,,,,,,,,,,,,,,,,,,,
-95.14,,,,,,,,,,,,,,,,,,,,,,,
46.62,,,,,,,,,,,,,,,,,,,,,,,
-97.75,-5.21,1110.37,,,,,,,,,,,,,,,,,,,,,
-43.27,,,,,,,,,,,,,,,,,,,,,,,
-54.69,-61.53,-88.81,1034.37,-47.09,,,,,,,,,,,,,,,,,,,
-91.92,10.49,-86.43,638.38,45.35,-73.69,527.05,,,,,,,,,,,,,,,,,
-44.03,-59.94,245.48,59.26,-56.75,-76.47,224.89,-82.76,-58.89,216.98,,,,,,,,,,,,,,
-87.87,489.26,-79.65,392.25,14.74,,,,,,,,,,,,,,,,,,,
-97.58,980.30,-37.85,,,,,,,,,,,,,,,,,,,,,
-83.60,4071.74,-86.90,-79.65,-50.77,1707.54,,,,,,,,,,,,,,,,,,
320.76,,,,,,,,,,,,,,,,,,,,,,,
-98.26,-40.97,942.73,,,,,,,,,,,,,,,,,,,,,
201.44,1510.63,,,,,,,,,,,,,,,,,,,,,,
138.69,,,,,,,,,,,,,,,,,,,,,,,
,,,,,,,,,,,,,,,,,,,,,,,
-85.31,-79.65,195.35,-84.20,1110.37,,,,,,,,,,,,,,,,,,,
-54.11,,,,,,,,,,,,,,,,,,,,,,,
-81.74,-79.65,96.90,,,,,,,,,,,,,,,,,,,,,
198.03,,,,,,,,,,,,,,,,,,,,,,,
-88.61,10.03,,,,,,,,,,,,,,,,,,,,,,
-95.62,-53.34,1412.96,,,,,,,,,,,,,,,,,,,,,
-95.59,1110.37,,,,,,,,,,,,,,,,,,,,,,
101.69,-81.01,,,,,,,,,,,,,,,,,,,,,,
-55.41,130.31,96.42,-59.93,-52.60,,,,,,,,,,,,,,,,,,,
-0.92,-74.96,355.01,,,,,,,,,,,,,,,,,,,,,
,,,,,,,,,,,,,,,,,,,,,,,
-90.04,421.36,,,,,,,,,,,,,,,,,,,,,,
-63.89,-58.89,4171.70,,,,,,,,,,,,,,,,,,,,,
430.27,168.05,-93.98,-65.58,-27.86,43.85,3032.94,-83.70,30.69,-93.56,489.26,1166.04,-81.52,-46.49,700.85,-95.99,49.26,,,,,,,
556.54,,,,,,,,,,,,,,,,,,,,,,,
-58.39,-23.23,194.63,-79.65,638.38,114.23,,,,,,,,,,,,,,,,,,
-52.94,-41.46,-41.07,-79.65,638.38,-84.41,758.83,,,,,,,,,,,,,,,,,
320.76,,,,,,,,,,,,,,,,,,,,,,,
-80.03,489.26,-79.65,318.41,34.98,,,,,,,,,,,,,,,,,,,
-98.46,7739.23,,,,,,,,,,,,,,,,,,,,,,
-44.00,,,,,,,,,,,,,,,,,,,,,,,
-35.21,-79.65,-1.55,,,,,,,,,,,,,,,,,,,,,
-95.28,-80.32,421.36,,,,,,,,,,,,,,,,,,,,,
153.58,-64.57,96.42,-79.65,-1.55,,,,,,,,,,,,,,,,,,,
146.30,-76.27,17.85,-79.65,72.29,63.91,,,,,,,,,,,,,,,,,,
-82.80,-61.53,127.50,-55.76,,,,,,,,,,,,,,,,,,,,
-94.35,96.42,-73.48,-40.70,29.39,416.86,-81.94,505.19,,,,,,,,,,,,,,,,
31.33,-49.12,-80.31,89.59,378.88,,,,,,,,,,,,,,,,,,,
-31.67,-21.45,19.71,-76.43,11.93,-83.04,3909.88,-96.77,-69.86,,,,,,,,,,,,,,,
,,,,,,,,,,,,,,,,,,,,,,,
320.76,,,,,,,,,,,,,,,,,,,,,,,
-91.88,194.63,-79.65,72.29,-31.48,,,,,,,,,,,,,,,,,,,
-91.40,-41.07,-79.65,188.01,-30.12,-38.73,-50.92,4.51,,,,,,,,,,,,,,,,
-97.41,464.98,114.23,,,,,,,,,,,,,,,,,,,,,
-93.72,212.58,-48.07,89.59,,,,,,,,,,,,,,,,,,,,
-73.71,-79.65,318.41,-88.85,1412.96,,,,,,,,,,,,,,,,,,,
-99.10,-52.60,818.10,-73.14,1971.13,,,,,,,,,,,,,,,,,,,
-97.06,1110.37,,,,,,,,,,,,,,,,,,,,,,
-95.83,-6.70,250.10,72.91,,,,,,,,,,,,,,,,,,,,
-85.37,37.88,-24.35,,,,,,,,,,,,,,,,,,,,,
-88.89,-30.43,489.26,-79.65,293.80,89.14,,,,,,,,,,,,,,,,,,
-19.05,-94.21,505.04,-49.14,-51.74,,,,,,,,,,,,,,,,,,,
,,,,,,,,,,,,,,,,,,,,,,,
-81.86,-71.65,25.43,33.83,,,,,,,,,,,,,,,,,,,,
-9.00,-79.65,195.35,-84.20,1110.37,,,,,,,,,,,,,,,,,,,
72.30,,,,,,,,,,,,,,,,,,,,,,,
,,,,,,,,,,,,,,,,,,,,,,,
44.29,-90.95,47.31,-79.65,293.80,582.54,-88.92,197.16,,,,,,,,,,,,,,,,
-88.65,-62.68,-49.99,1110.37,,,,,,,,,,,,,,,,,,,,
16.95,,,,,,,,,,,,,,,,,,,,,,,
-61.29,-27.86,4122.14,-86.82,-1.79,-19.86,-76.30,219.25,,,,,,,,,,,,,,,,
-91.58,738.61,,,,,,,,,,,,,,,,,,,,,,
-88.96,1037.68,-98.36,,,,,,,,,,,,,,,,,,,,,
489.26,-79.65,1302.92,51.68,-86.73,5.51,,,,,,,,,,,,,,,,,,
273.19,-87.50,,,,,,,,,,,,,,,,,,,,,,
-97.97,158.89,4535.77,,,,,,,,,,,,,,,,,,,,,
,,,,,,,,,,,,,,,,,,,,,,,
-98.35,6774.64,-98.26,553.08,-84.93,-52.60,146.63,,,,,,,,,,,,,,,,,
-85.85,-80.82,-53.34,1110.37,,,,,,,,,,,,,,,,,,,,
,,,,,,,,,,,,,,,,,,,,,,,
320.76,,,,,,,,,,,,,,,,,,,,,,,
-96.85,109.27,-15.82,-81.01,665.04,-86.93,829.10,,,,,,,,,,,,,,,,,
-35.21,-79.97,-5.21,,,,,,,,,,,,,,,,,,,,,
-35.21,-79.65,-1.55,,,,,,,,,,,,,,,,,,,,,
-71.77,,,,,,,,,,,,,,,,,,,,,,,
-96.66,778.04,-80.88,,,,,,,,,,,,,,,,,,,,,
-43.57,,,,,,,,,,,,,,,,,,,,,,,
81.08,23.11,8.34,33.02,,,,,,,,,,,,,,,,,,,,
-80.13,14.34,47.31,178.49,-92.69,-1.55,473.68,,,,,,,,,,,,,,,,,
-83.41,-15.82,500.33,,,,,,,,,,,,,,,,,,,,,
469.84,-31.59,-89.91,14.72,-9.19,1219.13,-81.87,-54.90,14.19,-35.91,86.74,-26.34,-79.65,1106.02,-75.41,74.61,59.57,,,,,,,
-90.44,288.18,-93.78,1110.37,,,,,,,,,,,,,,,,,,,,
-95.17,-81.34,1110.37,,,,,,,,,,,,,,,,,,,,,
,,,,,,,,,,,,,,,,,,,,,,,
-89.87,1498.62,,,,,,,,,,,,,,,,,,,,,,
,,,,,,,,,,,,,,,,,,,,,,,
-0.13,126.18,-39.90,-68.40,378.88,,,,,,,,,,,,,,,,,,,
-88.64,2355.23,-95.12,712.21,-94.26,1110.37,,,,,,,,,,,,,,,,,,
-99.65,390.76,,,,,,,,,,,,,,,,,,,,,,
-39.84,-74.96,-24.17,,,,,,,,,,,,,,,,,,,,,
-86.05,-80.56,140.07,33.02,,,,,,,,,,,,,,,,,,,,
-93.43,-38.34,83.40,-79.65,-1.55,199.77,,,,,,,,,,,,,,,,,,
-33.84,-20.75,,,,,,,,,,,,,,,,,,,,,,
-99.36,740.35,-75.14,335.28,-31.06,,,,,,,,,,,,,,,,,,,
-64.30,-95.61,786.58,-87.02,390.76,,,,,,,,,,,,,,,,,,,
30.81,,,,,,,,,,,,,,,,,,,,,,,
-35.21,-79.65,-53.34,,,,,,,,,,,,,,,,,,,,,
138.69,,,,,,,,,,,,,,,,,,,,,,,
-7.96,3112.11,-99.57,504.36,352.88,-93.34,322.09,-76.30,146.63,145.38,111.01,,,,,,,,,,,,,
-87.22,1182.73,-56.61,-65.34,22.10,187.15,-53.96,-46.69,-45.58,268.07,,,,,,,,,,,,,,
-71.47,53.47,345.94,-72.36,44.35,4.65,233.05,-82.05,505.62,-96.70,1425.98,-93.88,1655.89,-89.19,,,,,,,,,,
-92.69,3159.38,,,,,,,,,,,,,,,,,,,,,,
92.59,-64.01,-13.68,-73.59,,,,,,,,,,,,,,,,,,,,
,,,,,,,,,,,,,,,,,,,,,,,
213.74,-79.65,-1.55,,,,,,,,,,,,,,,,,,,,,
-99.38,13.75,1180.06,-92.64,860.36,256.92,-1.09,-50.11,,,,,,,,,,,,,,,,
1442.40,-84.81,-95.83,739.43,,,,,,,,,,,,,,,,,,,,
-91.51,404.32,-36.70,,,,,,,,,,,,,,,,,,,,,
-89.79,30.95,-17.36,106.82,,,,,,,,,,,,,,,,,,,,
22.72,-75.46,1910.33,-57.20,-10.72,-51.16,503.01,-67.50,-63.30,-58.97,529.57,,,,,,,,,,,,,
-99.12,123.75,203.38,-1.09,,,,,,,,,,,,,,,,,,,,
-58.25,,,,,,,,,,,,,,,,,,,,,,,
372.37,-67.69,-79.65,-1.55,79.86,,,,,,,,,,,,,,,,,,,
20548.88,,,,,,,,,,,,,,,,,,,,,,,
124.76,,,,,,,,,,,,,,,,,,,,,,,
-90.21,47.31,-19.86,-76.30,219.25,,,,,,,,,,,,,,,,,,,
1.89,,,,,,,,,,,,,,,,,,,,,,,
,,,,,,,,,,,,,,,,,,,,,,,
-94.52,438.59,47.31,-79.65,638.38,-61.76,-58.20,,,,,,,,,,,,,,,,,
3.58,-98.08,820.18,28.67,,,,,,,,,,,,,,,,,,,,
-62.42,194.63,112.19,-90.41,96.90,418.83,,,,,,,,,,,,,,,,,,
-27.28,-74.41,194.63,-79.65,1204.47,,,,,,,,,,,,,,,,,,,
-12.34,-22.38,-49.12,323.34,-7.41,-69.88,,,,,,,,,,,,,,,,,,
-68.83,78.53,,,,,,,,,,,,,,,,,,,,,,
-35.16,-11.53,174.30,-66.75,,,,,,,,,,,,,,,,,,,,
-98.09,491.49,70.30,-88.85,219.25,,,,,,,,,,,,,,,,,,,
320.76,,,,,,,,,,,,,,,,,,,,,,,
-96.86,1223.72,-34.25,217.48,,,,,,,,,,,,,,,,,,,,
-90.42,39.95,133.40,71.44,112.82,,,,,,,,,,,,,,,,,,,
,,,,,,,,,,,,,,,,,,,,,,,
-98.54,2257.02,-94.91,343.03,,,,,,,,,,,,,,,,,,,,
-30.72,-1.79,-79.97,-5.21,,,,,,,,,,,,,,,,,,,,
5.38,,,,,,,,,,,,,,,,,,,,,,,
-19.26,10.45,59.33,-48.06,211.68,46.31,-72.88,47.31,-76.41,-13.74,195.35,-55.37,,,,,,,,,,,,
326.18,,,,,,,,,,,,,,,,,,,,,,,
79.11,,,,,,,,,,,,,,,,,,,,,,,
138.69,,,,,,,,,,,,,,,,,,,,,,,
135.92,,,,,,,,,,,,,,,,,,,,,,,
-92.14,7.20,96.42,285.32,-49.83,-90.18,717.80,-77.38,63.59,,,,,,,,,,,,,,,
38.32,,,,,,,,,,,,,,,,,,,,,,,
-11.54,152.25,-75.10,47.31,-79.65,269.19,-67.27,133.71,-12.27,,,,,,,,,,,,,,,
-34.06,-63.19,67.53,180.12,-34.53,-79.65,343.03,-32.75,-40.57,,,,,,,,,,,,,,,
-90.21,,,,,,,,,,,,,,,,,,,,,,,
-78.62,104.48,-74.92,,,,,,,,,,,,,,,,,,,,,
-73.96,496.39,-66.34,227.36,-87.79,244.58,550.01,,,,,,,,,,,,,,,,,
-99.49,2194.70,-16.39,,,,,,,,,,,,,,,,,,,,,
-73.78,,,,,,,,,,,,,,,,,,,,,,,
-50.06,377.99,,,,,,,,,,,,,,,,,,,,,,
-96.67,41.25,328.46,,,,,,,,,,,,,,,,,,,,,
-81.47,-79.65,-1.55,-52.60,,,,,,,,,,,,,,,,,,,,
-83.88,5.51,1271.96,,,,,,,,,,,,,,,,,,,,,
-97.22,1556.32,-92.18,454.71,544.56,,,,,,,,,,,,,,,,,,,
-95.00,242.95,75.00,458.69,,,,,,,,,,,,,,,,,,,,
-88.83,1169.10,-32.12,-96.80,,,,,,,,,,,,,,,,,,,,
-59.37,-14.85,-77.70,378.88,,,,,,,,,,,,,,,,,,,,
72.20,,,,,,,,,,,,,,,,,,,,,,,
-93.40,473.68,,,,,,,,,,,,,,,,,,,,,,
,,,,,,,,,,,,,,,,,,,,,,,
-98.69,,,,,,,,,,,,,,,,,,,,,,,
-34.81,-60.01,95.51,26.72,8.55,-62.11,-52.56,-69.82,2854.65,-81.38,-41.95,,,,,,,,,,,,,
-65.80,-21.40,-79.65,613.76,-25.57,,,,,,,,,,,,,,,,,,,
-87.08,-75.45,-60.68,-48.24,2262.81,-95.82,16.41,874.49,,,,,,,,,,,,,,,,
33.89,,,,,,,,,,,,,,,,,,,,,,,
-90.54,47.31,59.14,-87.21,121.51,-78.93,538.50,,,,,,,,,,,,,,,,,
691.29,44.13,,,,,,,,,,,,,,,,,,,,,,
313.34,,,,,,,,,,,,,,,,,,,,,,,
-37.25,-4.84,-80.04,219.25,38.68,,,,,,,,,,,,,,,,,,,
30.81,,,,,,,,,,,,,,,,,,,,,,,
26.63,116.81,-85.56,945.82,-62.97,155.83,-68.99,1118.86,-55.76,-87.68,389.93,-73.75,1206.73,-69.97,-78.51,,,,,,,,,
-99.63,4446.78,-96.72,1954.19,-46.43,-79.65,1056.79,-51.18,,,,,,,,,,,,,,,,
,,,,,,,,,,,,,,,,,,,,,,,
-45.72,217.25,,,,,,,,,,,,,,,,,,,,,,
-86.79,-65.71,114.23,182.17,,,,,,,,,,,,,,,,,,,,
-67.37,-26.34,-44.90,-65.53,-29.38,74.61,935.56,,,,,,,,,,,,,,,,,
2.45,,,,,,,,,,,,,,,,,,,,,,,
-95.29,355.01,-33.64,,,,,,,,,,,,,,,,,,,,,
-35.21,-79.97,-5.21,,,,,,,,,,,,,,,,,,,,,
21.55,,,,,,,,,,,,,,,,,,,,,,,
-97.05,393.21,52.98,44.88,-79.66,132.15,-5.21,,,,,,,,,,,,,,,,,
-36.11,96.42,-69.47,-34.37,-5.21,219.25,,,,,,,,,,,,,,,,,,
-19.18,81.58,,,,,,,,,,,,,,,,,,,,,,
-81.16,176.13,-78.19,597.03,427.37,-41.49,-69.47,-86.67,1298.18,7.31,244.02,-97.49,118.18,292.87,36.77,-38.79,,,,,,,,
29.45,,,,,,,,,,,,,,,,,,,,,,,
1626.24,28.97,-63.17,-79.65,4108.75,,,,,,,,,,,,,,,,,,,
-86.18,374.78,230.18,,,,,,,,,,,,,,,,,,,,,
313.34,,,,,,,,,,,,,,,,,,,,,,,
,,,,,,,,,,,,,,,,,,,,,,,
-86.40,,,,,,,,,,,,,,,,,,,,,,,
-0.62,-79.65,47.68,19.91,,,,,,,,,,,,,,,,,,,,
-65.15,47.31,0.03,219.25,,,,,,,,,,,,,,,,,,,,
524.21,,,,,,,,,,,,,,,,,,,,,,,
-76.58,232.54,-92.08,,,,,,,,,,,,,,,,,,,,,
-97.79,11.88,374.85,26.39,33.02,,,,,,,,,,,,,,,,,,,
-89.35,20.96,97.73,17.22,-72.67,-0.23,,,,,,,,,,,,,,,,,,
-75.75,,,,,,,,,,,,,,,,,,,,,,,
224.65,89.59,,,,,,,,,,,,,,,,,,,,,,
,,,,,,,,,,,,,,,,,,,,,,,
-92.24,-68.65,,,,,,,,,,,,,,,,,,,,,,
-85.78,-18.41,-47.31,30.95,387.36,-37.07,-0.47,-95.34,2881.03,-98.32,,,,,,,,,,,,,,
-72.86,-79.65,-1.55,,,,,,,,,,,,,,,,,,,,,
,,,,,,,,,,,,,,,,,,,,,,,
-65.14,265.63,-94.81,219.25,,,,,,,,,,,,,,,,,,,,
-81.89,157.93,-80.46,145.49,60.42,,,,,,,,,,,,,,,,,,,
-9.78,-65.30,597.35,,,,,,,,,,,,,,,,,,,,,
240.64,-96.15,96.42,489.77,65.63,-93.33,425.03,-26.22,,,,,,,,,,,,,,,,
-71.95,-80.76,-47.25,99.74,-57.07,33.02,,,,,,,,,,,,,,,,,,
-45.83,,,,,,,,,,,,,,,,,,,,,,,
-53.12,-9.97,-50.81,-66.15,2817.09,,,,,,,,,,,,,,,,,,,
14.99,79.19,-27.87,47.68,57.99,21.04,,,,,,,,,,,,,,,,,,
44.29,-85.49,-79.65,96.90,258.55,,,,,,,,,,,,,,,,,,,
