40.5297,,,,,,,,,,,,,
,,,,,,,,,,,,,
270.4309,-89.7278,282.9314,70.9404,-76.6358,-74.6043,1470.8927,82.1994,,,,,,
-54.2481,,,,,,,,,,,,,
7.8873,-58.4961,-39.5983,487.7131,-16.7276,17.0624,-97.9662,2924.2847,693.3055,-64.1433,-9.2343,-57.4487,,
,,,,,,,,,,,,,
-78.4022,,,,,,,,,,,,,
-43.8453,187.1985,-63.9263,-10.9960,,,,,,,,,,
,,,,,,,,,,,,,
-58.4434,43.8832,586.3830,126.5447,-89.7738,-30.8218,-12.5335,,,,,,,
-59.0401,-31.4422,,,,,,,,,,,,
,,,,,,,,,,,,,
-38.2988,-83.8952,756.8506,-79.2370,18.6199,,,,,,,,,
,,,,,,,,,,,,,
,,,,,,,,,,,,,
,,,,,,,,,,,,,
,,,,,,,,,,,,,
,,,,,,,,,,,,,
,,,,,,,,,,,,,
40.4102,,,,,,,,,,,,,
,,,,,,,,,,,,,
,,,,,,,,,,,,,
57.2073,287.3696,-75.8393,-71.7446,772.7015,,,,,,,,,
,,,,,,,,,,,,,
-89.6785,-25.2097,,,,,,,,,,,,
-95.6485,,,,,,,,,,,,,
-56.6922,-70.9473,648.9815,-90.7355,1720.0845,-94.4273,577.2042,-83.1296,-81.5282,,,,,
-78.3672,,,,,,,,,,,,,
,,,,,,,,,,,,,
-58.7846,-16.9922,624.8208,1.2486,92.7217,,,,,,,,,
,,,,,,,,,,,,,
-88.9094,2066.4387,-15.2475,,,,,,,,,,,
-57.9960,-14.3633,-14.4420,,,,,,,,,,,
-94.2321,92.8040,-62.6265,82.8723,,,,,,,,,,
,,,,,,,,,,,,,
,,,,,,,,,,,,,
,,,,,,,,,,,,,
-96.6845,,,,,,,,,,,,,
-75.2798,67.9331,105.1192,63.4245,837.9916,-89.2450,71.4702,179.9553,-89.5793,79.6642,,,,
,,,,,,,,,,,,,
,,,,,,,,,,,,,
-99.4887,,,,,,,,,,,,,
25.8280,-54.1563,-17.8842,-50.2056,169.9257,-95.3820,8446.7279,,,,,,,
-96.3381,1121.1957,,,,,,,,,,,,
-57.2754,122.0453,39.3758,-75.3553,15.9282,116.0766,30.5872,169.9257,24.5783,14.9130,,,,
-93.9625,-12.9366,,,,,,,,,,,,
,,,,,,,,,,,,,
162.0121,,,,,,,,,,,,,
,,,,,,,,,,,,,
,,,,,,,,,,,,,
,,,,,,,,,,,,,
,,,,,,,,,,,,,
,,,,,,,,,,,,,
,,,,,,,,,,,,,
,,,,,,,,,,,,,
189.0236,,,,,,,,,,,,,
-36.2673,29.1232,-75.8393,43.5993,,,,,,,,,,
-54.9414,,,,,,,,,,,,,
182.6973,-14.3983,-88.5121,,,,,,,,,,,
-90.4945,,,,,,,,,,,,,
46.2893,-63.8242,,,,,,,,,,,,
,,,,,,,,,,,,,
-87.7021,2439.5157,124.3709,,,,,,,,,,,
-47.8268,,,,,,,,,,,,,
-57.2442,-22.4924,-1.4211,440.9981,-35.3486,,,,,,,,,
-78.4022,,,,,,,,,,,,,
220.6820,-54.3154,21.7957,-56.2292,,,,,,,,,,
-88.7632,34.9628,86.8674,-62.5194,,,,,,,,,,
115.8715,,,,,,,,,,,,,
,,,,,,,,,,,,,
,,,,,,,,,,,,,
-64.5930,132.4217,-75.8393,43.5993,,,,,,,,,,
31.0060,-58.4961,,,,,,,,,,,,
,,,,,,,,,,,,,
162.0121,,,,,,,,,,,,,
209.6507,-57.2818,-95.0907,1194.9484,651.7528,-63.4490,-58.4830,,,,,,,
45.2636,-76.8703,239.4212,-31.7531,-48.4764,47.0138,-26.5115,95.8808,-32.5186,447.9976,,,,
,,,,,,,,,,,,,
,,,,,,,,,,,,,
-60.6982,87.1824,-15.2337,-11.0702,150.2016,174.7728,-94.0690,,,,,,,
-67.6031,-52.1336,,,,,,,,,,,,
-70.4404,-12.8040,1.5829,440.1915,-80.0233,-1.9453,1047.1840,-84.7879,,,,,,
,,,,,,,,,,,,,
,,,,,,,,,,,,,
,,,,,,,,,,,,,
-36.5605,,,,,,,,,,,,,
-99.5814,16465.7774,-1.1965,-42.3017,,,,,,,,,,
,,,,,,,,,,,,,
,,,,,,,,,,,,,
-60.8701,,,,,,,,,,,,,
,,,,,,,,,,,,,
,,,,,,,,,,,,,
,,,,,,,,,,,,,
,,,,,,,,,,,,,
-75.1514,,,,,,,,,,,,,
,,,,,,,,,,,,,
,,,,,,,,,,,,,
-66.4087,4541.6710,-97.6146,323.2526,-46.0149,250.9648,,,,,,,,
-47.8268,,,,,,,,,,,,,
-47.8268,,,,,,,,,,,,,
-80.2272,55.4049,,,,,,,,,,,,
,,,,,,,,,,,,,
170.4990,144.8144,-13.7981,,,,,,,,,,,
62.6821,,,,,,,,,,,,,
,,,,,,,,,,,,,
-95.5125,755.9316,-87.7338,15.9282,111.6263,214.9133,,,,,,,,
,,,,,,,,,,,,,
-89.7429,214.8254,542.7588,185.3600,-99.6487,4132.5262,34.9628,-87.5422,63.1023,,,,,
-40.7609,,,,,,,,,,,,,
-25.0131,-32.2859,,,,,,,,,,,,
,,,,,,,,,,,,,
87.1515,-70.9473,,,,,,,,,,,,
162.0121,,,,,,,,,,,,,
-40.5663,-85.2373,1613.7011,-79.2370,92.7573,,,,,,,,,
29.5193,-19.1857,,,,,,,,,,,,
,,,,,,,,,,,,,
-38.6949,69.5326,441.2705,,,,,,,,,,,
,,,,,,,,,,,,,
-58.6035,,,,,,,,,,,,,
101.2966,,,,,,,,,,,,,
,,,,,,,,,,,,,
,,,,,,,,,,,,,
-71.5204,132.4217,44.9642,-76.0668,,,,,,,,,,
81.8447,-62.8451,-89.8317,,,,,,,,,,,
-87.7774,,,,,,,,,,,,,
-12.2441,,,,,,,,,,,,,
-70.3732,1544.2676,,,,,,,,,,,,
,,,,,,,,,,,,,
,,,,,,,,,,,,,
5.2901,-9.5826,,,,,,,,,,,,
339.5042,,,,,,,,,,,,,
,,,,,,,,,,,,,
,,,,,,,,,,,,,
,,,,,,,,,,,,,
-99.1342,1593.0105,-0.2796,251.4280,,,,,,,,,,
79.7747,-93.8186,-56.9865,-56.8119,200.1672,,,,,,,,,
11.6893,,,,,,,,,,,,,
-51.1359,24.1894,,,,,,,,,,,,
,,,,,,,,,,,,,
-87.9074,209.9063,-74.2252,872.3446,229.6247,,,,,,,,,
274.3030,25.8951,-53.7884,153.0505,-21.6199,57.0597,,,,,,,,
-78.9830,-0.4187,-96.0253,376.1696,-74.7976,2163.4464,-94.0642,574.8141,-87.5422,-74.2795,2306.8232,-89.2257,,
-32.9202,,,,,,,,,,,,,
-97.2320,756.8506,-50.7418,,,,,,,,,,,
,,,,,,,,,,,,,
,,,,,,,,,,,,,
,,,,,,,,,,,,,
-12.6626,226.8431,-92.2901,2123.4546,-29.9595,-97.3948,8216.7829,-79.3947,502.1284,-53.2167,,,,
-83.7219,41.0842,372.3699,-65.6952,,,,,,,,,,
,,,,,,,,,,,,,
,,,,,,,,,,,,,
-63.3183,3.7597,-42.0143,761.5956,2.7555,315.4397,-98.4718,4962.3658,-80.8897,-66.2593,616.3252,-22.3169,,
-51.0501,274.6902,-98.9712,4684.8222,,,,,,,,,,
,,,,,,,,,,,,,
,,,,,,,,,,,,,
,,,,,,,,,,,,,
-82.0766,721.1578,-84.7475,63.2340,196.9182,-4.2823,-27.0815,,,,,,,
,,,,,,,,,,,,,
,,,,,,,,,,,,,
,,,,,,,,,,,,,
-40.4503,430.5243,,,,,,,,,,,,
,,,,,,,,,,,,,
0.8095,76.7983,-78.5505,180.4637,-73.6105,,,,,,,,,
,,,,,,,,,,,,,
-49.1998,,,,,,,,,,,,,
-63.4598,71.5957,-78.6313,,,,,,,,,,,
,,,,,,,,,,,,,
-47.8268,,,,,,,,,,,,,
,,,,,,,,,,,,,
-25.1394,45.2636,-75.8393,330.7978,,,,,,,,,,
,,,,,,,,,,,,,
,,,,,,,,,,,,,
,,,,,,,,,,,,,
-47.8268,,,,,,,,,,,,,
-56.6995,-77.3907,-92.2715,8468.5056,-71.6765,,,,,,,,,
746.5052,102.4442,24.5783,-43.1613,,,,,,,,,,
,,,,,,,,,,,,,
1385.2076,-90.4171,13911.9743,,,,,,,,,,,
,,,,,,,,,,,,,
114.0522,-70.9347,-96.1906,1613.7011,-10.7195,,,,,,,,,
141.8573,-91.9298,38.7783,,,,,,,,,,,
-47.8268,,,,,,,,,,,,,
10.8513,-47.1769,-51.6786,,,,,,,,,,,
-53.0441,,,,,,,,,,,,,
,,,,,,,,,,,,,
-47.5976,-3.1576,44.9642,139.3321,-7.5200,-5.3176,17.6656,1.7979,-72.4595,,,,,
323.2526,102.4442,327.9307,55.3362,,,,,,,,,,
,,,,,,,,,,,,,
318.1044,-40.7641,-91.6864,-77.8560,2420.2372,37.9902,-96.9659,,,,,,,
-96.3479,67.2510,639.4246,,,,,,,,,,,
162.0121,,,,,,,,,,,,,
,,,,,,,,,,,,,
92.8764,-95.9910,984.3680,-89.4611,476.2042,-37.5728,154.9422,242.5979,-73.5743,-92.6513,303.5392,-67.8694,,
-48.4517,,,,,,,,,,,,,
215.1740,-76.3203,-17.9433,251.7190,-62.1489,-27.6222,-7.1492,126.6587,14.4364,15.2969,,,,
-59.6215,-27.6591,,,,,,,,,,,,
-82.0501,-89.8903,490.4503,248.1044,-92.1556,2194.3680,-72.2923,,,,,,,
,,,,,,,,,,,,,
,,,,,,,,,,,,,
-95.4123,,,,,,,,,,,,,
-91.5530,313.2084,2168.2135,-62.7840,,,,,,,,,,
-21.1994,-78.2105,-53.7406,,,,,,,,,,,
,,,,,,,,,,,,,
,,,,,,,,,,,,,
-94.5046,-34.6302,-45.9437,349.6580,,,,,,,,,,
-68.7367,8.5220,,,,,,,,,,,,
,,,,,,,,,,,,,
1809.1786,-95.7981,585.1943,-88.9984,35.2495,-39.5353,709.7770,24.5783,-97.5288,,,,,
-68.8418,441.4370,,,,,,,,,,,,
,,,,,,,,,,,,,
,,,,,,,,,,,,,
-65.6421,,,,,,,,,,,,,
,,,,,,,,,,,,,
,,,,,,,,,,,,,
,,,,,,,,,,,,,
139.9447,-84.7041,96.1094,-56.3723,,,,,,,,,,
162.0121,-93.8836,963.0705,-0.6798,17.7146,82.5535,-86.6039,-90.3068,3157.9911,-73.7149,-67.2162,-6.5488,,
,,,,,,,,,,,,,
,,,,,,,,,,,,,
,,,,,,,,,,,,,
-92.7831,1105.8594,,,,,,,,,,,,
-85.6906,,,,,,,,,,,,,
-56.9051,397.1982,,,,,,,,,,,,
299.9132,,,,,,,,,,,,,
-83.2758,2333.3707,,,,,,,,,,,,
-58.0781,1570.5313,-63.7888,50.8459,-81.0315,-87.5349,,,,,,,,
,,,,,,,,,,,,,
-6.0276,-23.1178,525.7367,-57.2525,,,,,,,,,,
-64.3026,,,,,,,,,,,,,
,,,,,,,,,,,,,
,,,,,,,,,,,,,
-63.3774,45.9864,,,,,,,,,,,,
-47.8268,,,,,,,,,,,,,
162.0121,,,,,,,,,,,,,
576.8646,-81.8856,27.1495,45.0436,,,,,,,,,,
-51.7398,,,,,,,,,,,,,
,,,,,,,,,,,,,
-47.8268,,,,,,,,,,,,,
-96.6585,29.6460,30.5872,237.4071,-24.2655,,,,,,,,,
37.4675,,,,,,,,,,,,,
-96.6605,3756.6115,,,,,,,,,,,,
-79.0660,,,,,,,,,,,,,
,,,,,,,,,,,,,
-54.0379,,,,,,,,,,,,,
,,,,,,,,,,,,,
,,,,,,,,,,,,,
18.1170,-87.5349,,,,,,,,,,,,
,,,,,,,,,,,,,
,,,,,,,,,,,,,
23.2540,-39.5349,,,,,,,,,,,,
-88.1476,-94.4770,1247.8464,304.3947,,,,,,,,,,
,,,,,,,,,,,,,
153.7388,,,,,,,,,,,,,
-12.6626,590.0021,-87.0652,48.3358,-34.6302,320.3360,-94.0690,,,,,,,
,,,,,,,,,,,,,
-18.3024,311.0947,-92.6459,34.9628,1021.2047,-92.0371,,,,,,,,
-99.9026,,,,,,,,,,,,,
-54.3577,-70.2734,,,,,,,,,,,,
843.2435,174.3868,-79.1555,142.7399,11.6907,-94.9447,63.5563,-35.1324,1331.6034,,,,,
,,,,,,,,,,,,,
-9.5566,,,,,,,,,,,,,
,,,,,,,,,,,,,
,,,,,,,,,,,,,
-71.2241,1352.6359,-0.3627,413.8200,-40.3981,-73.8782,-75.8805,,,,,,,
,,,,,,,,,,,,,
,,,,,,,,,,,,,
,,,,,,,,,,,,,
278.4118,-78.4495,,,,,,,,,,,,
34.7938,,,,,,,,,,,,,
,,,,,,,,,,,,,
,,,,,,,,,,,,,
,,,,,,,,,,,,,
,,,,,,,,,,,,,
-84.3112,86.9758,,,,,,,,,,,,
1343.5784,-93.1725,,,,,,,,,,,,
-3.0332,,,,,,,,,,,,,
-98.0799,62.0574,95.8808,79.9504,351.5963,-45.2917,,,,,,,,
,,,,,,,,,,,,,
,,,,,,,,,,,,,
,,,,,,,,,,,,,
,,,,,,,,,,,,,
-13.8634,,,,,,,,,,,,,
,,,,,,,,,,,,,
,,,,,,,,,,,,,
-63.1772,7.6994,,,,,,,,,,,,
,,,,,,,,,,,,,
,,,,,,,,,,,,,
,,,,,,,,,,,,,
,,,,,,,,,,,,,
,,,,,,,,,,,,,
362.3743,-3.1576,-61.3429,187.1985,20.5191,-83.4305,-49.2086,2016.2631,-59.5112,3.1344,148.1404,,,
,,,,,,,,,,,,,
-97.4954,20.9293,217.8588,,,,,,,,,,,
-47.8268,,,,,,,,,,,,,
,,,,,,,,,,,,,
-65.4045,-66.1398,507.3327,-2.5098,,,,,,,,,,
-41.8285,,,,,,,,,,,,,
,,,,,,,,,,,,,
,,,,,,,,,,,,,
,,,,,,,,,,,,,
,,,,,,,,,,,,,
,,,,,,,,,,,,,
1023.3718,44.5824,-60.7781,16.5588,162.2701,-89.0688,2311.0621,,,,,,,
-61.8583,-84.3700,,,,,,,,,,,,
-47.8268,,,,,,,,,,,,,
-92.4421,,,,,,,,,,,,,
,,,,,,,,,,,,,
-75.7086,114.0917,449.1064,-59.2660,,,,,,,,,,
-93.9732,3.7745,-16.9460,304.8795,-92.0160,,,,,,,,,
,,,,,,,,,,,,,
,,,,,,,,,,,,,
-95.1913,-22.7146,331.6495,71.5957,-2.0603,,,,,,,,,
-47.8268,,,,,,,,,,,,,
,,,,,,,,,,,,,
-99.1251,709.7770,169.9196,-79.3556,,,,,,,,,,
196.0286,-74.6436,-92.0696,1593.0105,,,,,,,,,,
-87.9317,239.6727,,,,,,,,,,,,
-91.1169,-88.5252,842.0302,,,,,,,,,,,
-73.6849,,,,,,,,,,,,,
-65.0651,-8.6518,-46.2297,-9.8337,-39.5353,304.8885,-64.5957,803.5547,,,,,,
42.3266,-62.9313,,,,,,,,,,,,
,,,,,,,,,,,,,
,,,,,,,,,,,,,
319.2193,-27.3682,-51.6786,140.1712,27.3578,-92.4634,349.8278,,,,,,,
-47.8268,,,,,,,,,,,,,
158.6530,-72.6519,,,,,,,,,,,,
-45.1603,29.1232,44.9642,-76.0668,,,,,,,,,,
-78.9420,60.1141,,,,,,,,,,,,
-95.1030,116.8919,,,,,,,,,,,,
-92.5208,110.0198,2.8839,64.6715,8.7349,,,,,,,,,
,,,,,,,,,,,,,
162.0121,,,,,,,,,,,,,
-98.0215,0.8848,28.5222,,,,,,,,,,,
24.8090,,,,,,,,,,,,,
32.6441,-74.2790,389.7021,-1.0273,-9.3976,50.1283,,,,,,,,
-79.5782,295.8430,,,,,,,,,,,,
,,,,,,,,,,,,,
,,,,,,,,,,,,,
,,,,,,,,,,,,,
-84.7267,41.0842,372.3699,-49.8622,2962.5749,,,,,,,,,
-94.0420,,,,,,,,,,,,,
,,,,,,,,,,,,,
,,,,,,,,,,,,,
48.7345,-19.0482,-65.1012,63.4822,115.3789,338.8351,141.6535,-71.6549,332.8972,26.4621,35.7613,,,
-74.1781,-67.6743,,,,,,,,,,,,
724.5675,-78.3516,,,,,,,,,,,,
-90.2608,-72.6934,3094.5535,15.3032,,,,,,,,,,
,,,,,,,,,,,,,
,,,,,,,,,,,,,
,,,,,,,,,,,,,
,,,,,,,,,,,,,
-56.4201,,,,,,,,,,,,,
-81.5487,106.8375,,,,,,,,,,,,
-62.1051,22.8808,-92.3634,3327.4022,-78.4495,,,,,,,,,
,,,,,,,,,,,,,
,,,,,,,,,,,,,
,,,,,,,,,,,,,
,,,,,,,,,,,,,
-18.0795,18.6687,145.1368,-85.0419,,,,,,,,,,
,,,,,,,,,,,,,
-96.6202,,,,,,,,,,,,,
-60.3012,248.6326,101.3391,-88.5121,578.8423,-37.2440,-52.3830,299.8636,-59.0981,,,,,
,,,,,,,,,,,,,
,,,,,,,,,,,,,
-37.9445,-67.7192,44.9642,-4.2672,,,,,,,,,,
336.6868,,,,,,,,,,,,,
-85.2991,-86.3075,341.2462,94.9463,-95.0704,58.5333,,,,,,,,
-74.1514,242.5467,-1.9453,-53.2561,,,,,,,,,,
,,,,,,,,,,,,,
310.7318,-83.1060,1582.3484,2869.1822,-69.3536,,,,,,,,,
-64.8339,-88.5818,880.5471,55.1422,-90.1677,,,,,,,,,
-95.6071,304.9946,-17.8263,-16.9478,-92.5863,,,,,,,,,
,,,,,,,,,,,,,
-87.0724,372.3699,-65.6952,38.4085,,,,,,,,,,
-62.0272,297.0538,-26.9286,-81.7100,1168.3056,-96.7140,-22.7146,939.5979,-22.0576,-86.6822,733.4650,-44.4271,200.8269,
-66.6827,-81.6573,,,,,,,,,,,,
,,,,,,,,,,,,,
-90.4629,-90.4267,1454.4505,-64.6407,-96.3093,7518.5472,-77.5062,167.0183,46.4271,,,,,
-48.7395,,,,,,,,,,,,,
-29.5692,-14.6661,-83.5049,323.2526,136.1849,-82.2031,3.7924,,,,,,,
,,,,,,,,,,,,,
80.5728,,,,,,,,,,,,,
,,,,,,,,,,,,,
,,,,,,,,,,,,,
908.0949,235.8832,169.9257,-64.2108,,,,,,,,,,
-91.3481,30.1905,,,,,,,,,,,,
-65.9650,-38.5105,718.6369,-22.7146,,,,,,,,,,
-94.6341,-66.1390,926.3638,-36.3882,,,,,,,,,,
-20.2572,-86.1654,383.2139,72.3191,188.5900,-55.0308,-52.1277,-71.8346,-61.3573,746.5052,34.9628,55.7229,33.4474,
,,,,,,,,,,,,,
293.0181,,,,,,,,,,,,,
-92.6982,152.2016,38.3899,,,,,,,,,,,
-20.8620,,,,,,,,,,,,,
,,,,,,,,,,,,,
67.2742,,,,,,,,,,,,,
,,,,,,,,,,,,,
,,,,,,,,,,,,,
366.8812,325.0699,-29.8453,-92.1648,1721.9982,-74.6868,,,,,,,,
,,,,,,,,,,,,,
-91.7363,181.3672,,,,,,,,,,,,
-49.0532,66.0155,-75.8393,43.5993,,,,,,,,,,
165.0944,,,,,,,,,,,,,
,,,,,,,,,,,,,
-86.0388,,,,,,,,,,,,,
,,,,,,,,,,,,,
-71.6490,53.9100,136.1849,-65.6952,,,,,,,,,,
-98.7579,746.5052,1819.6180,-88.3162,,,,,,,,,,
124.5818,45.2636,-45.3863,-45.6087,,,,,,,,,,
-75.9337,,,,,,,,,,,,,
182.1669,95.2364,-69.3390,-5.9439,169.9257,-46.8935,,,,,,,,
-82.6429,,,,,,,,,,,,,
-58.8267,-42.8596,-27.9745,-2.0596,102.4442,50.8533,27.2353,,,,,,,
267.8303,-59.9715,-4.4817,-86.6016,,,,,,,,,,
-85.5434,29.3232,278.2026,-82.7013,,,,,,,,,,
,,,,,,,,,,,,,
-97.9338,,,,,,,,,,,,,
,,,,,,,,,,,,,
,,,,,,,,,,,,,
-58.6035,,,,,,,,,,,,,
,,,,,,,,,,,,,
-87.7432,-25.2097,,,,,,,,,,,,
-33.5938,-21.4928,,,,,,,,,,,,
,,,,,,,,,,,,,
-71.4364,-44.0462,,,,,,,,,,,,
-43.3146,-84.7526,195.7367,9.4877,-81.4688,-31.4107,3395.9205,-83.1906,158.6788,94.9921,-31.4119,-30.3414,,
-96.2830,589.2765,-20.8837,-59.3041,124.9380,-93.8427,939.0879,,,,,,,
,,,,,,,,,,,,,
-59.8794,-70.3544,383.2139,-19.5844,1387.4647,,,,,,,,,
-49.5659,,,,,,,,,,,,,
-58.8908,,,,,,,,,,,,,
,,,,,,,,,,,,,
-45.6959,185.0962,,,,,,,,,,,,
-58.2895,-15.4376,414.6526,-89.3869,-69.5251,323.2526,-56.3723,,,,,,,
,,,,,,,,,,,,,
-52.4135,,,,,,,,,,,,,
-87.1345,4.3075,-80.3138,77.9298,,,,,,,,,,
-29.9996,-72.0662,403.7992,243.1915,-71.0794,10.8310,,,,,,,,
-75.3968,-80.9532,746.5052,372.3699,-65.6952,,,,,,,,,
,,,,,,,,,,,,,
-53.8935,,,,,,,,,,,,,
-91.6903,,,,,,,,,,,,,
-63.7686,,,,,,,,,,,,,
162.0121,,,,,,,,,,,,,
-9.5566,,,,,,,,,,,,,
,,,,,,,,,,,,,
40.6544,,,,,,,,,,,,,
-50.1983,,,,,,,,,,,,,
-93.5595,-2.3263,462.3451,-85.9614,,,,,,,,,,
120.9122,-67.3519,215.9184,-18.6105,-48.8392,-53.4955,-80.9532,323.2526,1114.6654,-62.5432,,,,
-98.1099,3017.2638,,,,,,,,,,,,
-87.1191,5825.5367,-71.0794,855.1003,-64.2149,-41.4508,,,,,,,,
-36.9857,,,,,,,,,,,,,
-47.8268,,,,,,,,,,,,,
-95.5655,,,,,,,,,,,,,
-77.7577,,,,,,,,,,,,,
-91.0250,,,,,,,,,,,,,
924.0321,-23.9174,885.9710,-66.3436,10.7069,46.5311,229.4198,-74.6972,,,,,,
47.1321,-71.7446,,,,,,,,,,,,
-93.8716,601.1592,,,,,,,,,,,,
,,,,,,,,,,,,,
,,,,,,,,,,,,,
-80.8534,3176.1521,-91.5201,-42.0359,-15.9921,543.0246,-67.3532,-19.0223,,,,,,
,,,,,,,,,,,,,
,,,,,,,,,,,,,
-64.9633,-93.3487,1628.6127,-57.2709,,,,,,,,,,
-39.6010,-66.3989,37.5529,179.4013,-72.1395,24.5783,89.0504,,,,,,,
,,,,,,,,,,,,,
0.7739,1163.4809,-97.8726,2211.9992,,,,,,,,,,
-47.0945,19.5898,,,,,,,,,,,,
74.3163,-26.5291,-8.9047,-92.3813,2672.2610,-9.3976,-37.7898,,,,,,,
,,,,,,,,,,,,,
-47.8268,,,,,,,,,,,,,
-47.8268,,,,,,,,,,,,,
,,,,,,,,,,,,,
-47.8268,,,,,,,,,,,,,
,,,,,,,,,,,,,
,,,,,,,,,,,,,
,,,,,,,,,,,,,
169.2809,,,,,,,,,,,,,
-72.4778,-36.5107,591.4451,-26.5447,147.4318,-73.9715,,,,,,,,
152.0237,,,,,,,,,,,,,
-96.4132,576.4994,412.8545,-51.9891,-65.6551,-35.4104,105.7053,56.7602,277.8959,-33.2616,-87.9971,600.0170,,
-71.6786,-50.9726,488.4704,-73.5223,,,,,,,,,,
,,,,,,,,,,,,,
,,,,,,,,,,,,,
,,,,,,,,,,,,,
195.8539,,,,,,,,,,,,,
,,,,,,,,,,,,,
-47.8268,,,,,,,,,,,,,
,,,,,,,,,,,,,
-74.7976,-68.5990,,,,,,,,,,,,
-51.8766,-48.9488,,,,,,,,,,,,
,,,,,,,,,,,,,
,,,,,,,,,,,,,
,,,,,,,,,,,,,
,,,,,,,,,,,,,
,,,,,,,,,,,,,
,,,,,,,,,,,,,
,,,,,,,,,,,,,
-92.8655,1861.0942,-86.5037,153.9877,,,,,,,,,,
,,,,,,,,,,,,,
-61.5677,-93.7524,,,,,,,,,,,,
,,,,,,,,,,,,,
-51.2664,-85.1319,7.6994,1907.0121,-98.4786,-61.3573,1916.1898,103.6244,-78.9719,757.9787,-61.8926,-61.1556,,
,,,,,,,,,,,,,
-47.6835,15.5886,,,,,,,,,,,,
124.6563,,,,,,,,,,,,,
,,,,,,,,,,,,,
-59.7918,-53.2047,,,,,,,,,,,,
,,,,,,,,,,,,,
-40.8360,-16.9922,-3.3572,115.3989,185.3105,,,,,,,,,
,,,,,,,,,,,,,
191.0399,,,,,,,,,,,,,
-78.8487,,,,,,,,,,,,,
,,,,,,,,,,,,,
-47.8268,,,,,,,,,,,,,
-72.9007,483.0089,-88.4776,608.5548,-14.6777,,,,,,,,,
,,,,,,,,,,,,,
244.0814,,,,,,,,,,,,,
-62.1117,,,,,,,,,,,,,
,,,,,,,,,,,,,
,,,,,,,,,,,,,
45.9308,1694.9908,0.3506,-76.2654,-64.2273,-50.7105,54.5709,440.1915,69.8019,119.1811,-85.7934,28.1688,337.7680,
274.3030,,,,,,,,,,,,,
,,,,,,,,,,,,,
-76.5937,-95.2383,2439.5157,-37.6747,,,,,,,,,,
-94.7137,102.4442,1.5951,,,,,,,,,,,
,,,,,,,,,,,,,
,,,,,,,,,,,,,
,,,,,,,,,,,,,
,,,,,,,,,,,,,
-75.2087,-29.2492,-97.4369,,,,,,,,,,,
,,,,,,,,,,,,,
42.8180,,,,,,,,,,,,,
198.2039,,,,,,,,,,,,,
-47.8268,,,,,,,,,,,,,
267.3207,49.8903,-57.6738,69.3010,321.7588,-90.0337,-70.3450,,,,,,,
-27.9932,-44.0195,169.9257,-68.8554,181.7222,,,,,,,,,
,,,,,,,,,,,,,
,,,,,,,,,,,,,
-71.7746,73.6546,-10.8739,,,,,,,,,,,
-58.6035,,,,,,,,,,,,,
,,,,,,,,,,,,,
6.5812,83.4594,-85.5790,3.0473,61.8685,1534.2451,-8.2253,-74.3515,47.2158,,,,,
-34.6144,-88.9769,-32.7435,,,,,,,,,,,
34.7938,,,,,,,,,,,,,
1296.6909,-99.0773,1323.2665,63.1023,,,,,,,,,,
-54.3485,,,,,,,,,,,,,
-92.1294,-48.4527,80.0169,37.1786,23.5036,-6.0926,,,,,,,,
-77.1507,-67.6743,,,,,,,,,,,,
,,,,,,,,,,,,,
,,,,,,,,,,,,,
-89.6585,,,,,,,,,,,,,
2415.3161,,,,,,,,,,,,,
-72.8313,8.2541,-92.3813,2184.9348,-67.6743,,,,,,,,,
,,,,,,,,,,,,,
133.7954,-89.9818,,,,,,,,,,,,
88.2050,-62.2987,-22.8384,-74.7266,,,,,,,,,,
207.2981,,,,,,,,,,,,,
-62.0578,-90.6278,1194.9484,229.7274,-80.2300,,,,,,,,,
83.4191,-13.5309,-60.3284,27.0303,,,,,,,,,,
,,,,,,,,,,,,,
-88.7641,-58.5817,91.4657,,,,,,,,,,,
,,,,,,,,,,,,,
131.9731,-96.8255,656.0712,3443.7797,-91.4721,172.4595,,,,,,,,
-38.2638,1956.7488,-74.2928,-90.7641,,,,,,,,,,
151.5615,,,,,,,,,,,,,
-78.0650,764.3064,-93.4706,311.3467,,,,,,,,,,
,,,,,,,,,,,,,
,,,,,,,,,,,,,
-0.9871,-69.5251,76.3553,358.8736,-78.2684,,,,,,,,,
,,,,,,,,,,,,,
26.1515,,,,,,,,,,,,,
162.0121,,,,,,,,,,,,,
,,,,,,,,,,,,,
,,,,,,,,,,,,,
,,,,,,,,,,,,,
-86.1845,255.7190,-38.9621,-84.7751,412.8587,,,,,,,,,
,,,,,,,,,,,,,
-83.1204,,,,,,,,,,,,,
,,,,,,,,,,,,,
-47.8268,,,,,,,,,,,,,
,,,,,,,,,,,,,
-75.1724,,,,,,,,,,,,,
,,,,,,,,,,,,,
-66.4209,-33.0396,,,,,,,,,,,,
,,,,,,,,,,,,,
,,,,,,,,,,,,,
,,,,,,,,,,,,,
-87.4431,-81.3024,,,,,,,,,,,,
-84.4707,-68.5110,224.0913,,,,,,,,,,,
-57.6415,,,,,,,,,,,,,
-51.6786,,,,,,,,,,,,,
,,,,,,,,,,,,,
,,,,,,,,,,,,,
,,,,,,,,,,,,,
,,,,,,,,,,,,,
,,,,,,,,,,,,,
-36.1636,,,,,,,,,,,,,
,,,,,,,,,,,,,
-84.8390,471.2337,-35.3486,,,,,,,,,,,
367.0650,-10.9742,-84.9696,-22.7146,215.0297,101.5299,1204.6407,-95.7042,388.6900,-51.4539,,,,
49.0116,-63.7334,-90.7355,,,,,,,,,,,
-47.8268,,,,,,,,,,,,,
39.9172,-98.9644,8745.7090,,,,,,,,,,,
-20.7671,-66.3742,17.3896,,,,,,,,,,,
258.9589,-94.4770,449.6423,,,,,,,,,,,
-92.0404,-30.6108,-22.7146,464.3368,34.9628,-42.2755,,,,,,,,
,,,,,,,,,,,,,
,,,,,,,,,,,,,
,,,,,,,,,,,,,
-64.6147,-93.9410,-87.3021,1169.7579,776.7086,,,,,,,,,
-90.8360,1613.7011,-59.9777,,,,,,,,,,,
,,,,,,,,,,,,,
114.0727,-89.6454,-52.1336,,,,,,,,,,,
,,,,,,,,,,,,,
,,,,,,,,,,,,,
-62.5126,-51.6786,90.7242,37.9448,26.4943,-95.3820,799.6556,,,,,,,
,,,,,,,,,,,,,
-55.8940,-11.1865,9.3777,,,,,,,,,,,
-47.8268,,,,,,,,,,,,,
-84.6682,,,,,,,,,,,,,
-47.8783,18.2756,,,,,,,,,,,,
-47.8268,,,,,,,,,,,,,
42.5654,166.9709,-71.5757,55.4049,-80.3174,-90.4766,2862.7684,15.6824,35.4601,,,,,
-88.1662,55.4049,,,,,,,,,,,,
-97.5809,-90.3393,2016.2631,655.7918,-27.4321,,,,,,,,,
-47.8268,,,,,,,,,,,,,
-65.1355,,,,,,,,,,,,,
-60.6132,,,,,,,,,,,,,
-79.7916,-67.4228,-90.8451,3906.5680,,,,,,,,,,
-65.8245,,,,,,,,,,,,,
,,,,,,,,,,,,,
-83.5200,93.4980,154.4950,-91.5030,,,,,,,,,,
-88.8546,365.5779,22.6935,37.0361,-23.8406,,,,,,,,,
-82.5608,-23.8129,137.4140,,,,,,,,,,,
-92.9456,,,,,,,,,,,,,
,,,,,,,,,,,,,
,,,,,,,,,,,,,
,,,,,,,,,,,,,
,,,,,,,,,,,,,
11.6893,,,,,,,,,,,,,
,,,,,,,,,,,,,
412.2067,-94.5812,449.6423,,,,,,,,,,,
,,,,,,,,,,,,,
-66.6530,-30.1481,-91.2570,1440.4628,-60.9404,-96.3197,3573.3020,-48.1492,,,,,,
557.9480,-96.2051,3898.6359,-58.2185,,,,,,,,,,
,,,,,,,,,,,,,
-70.4449,,,,,,,,,,,,,
-47.8268,,,,,,,,,,,,,
,,,,,,,,,,,,,
,,,,,,,,,,,,,
,,,,,,,,,,,,,
162.0121,,,,,,,,,,,,,
,,,,,,,,,,,,,
,,,,,,,,,,,,,
-94.1699,139.9165,-46.0149,-37.7109,-3.6213,,,,,,,,,
-71.7446,,,,,,,,,,,,,
,,,,,,,,,,,,,
,,,,,,,,,,,,,
-58.6297,481.0544,-29.4573,20.4855,-66.8777,188.1021,-57.2709,,,,,,,
-45.4141,364.8435,-69.7991,109.0902,-4.5009,315.2610,-85.1725,,,,,,,
,,,,,,,,,,,,,
-62.5901,,,,,,,,,,,,,
-34.2054,-81.4656,-42.4810,243.5337,,,,,,,,,,
-99.3198,1169.7579,236.2688,-82.7013,,,,,,,,,,
,,,,,,,,,,,,,
,,,,,,,,,,,,,
-93.9457,29.5193,-39.9666,,,,,,,,,,,
,,,,,,,,,,,,,
,,,,,,,,,,,,,
,,,,,,,,,,,,,
-58.6035,,,,,,,,,,,,,
47.0477,,,,,,,,,,,,,
-14.5613,597.2652,-96.1450,569.0040,-68.6130,-90.3393,3286.0210,102.4442,-16.9478,-85.1725,,,,
-51.8054,283.9320,,,,,,,,,,,,
-50.4301,66.0155,-63.7590,-4.2672,,,,,,,,,,
,,,,,,,,,,,,,
,,,,,,,,,,,,,
-99.4851,19475.1176,,,,,,,,,,,,
,,,,,,,,,,,,,
-95.2049,-51.9732,,,,,,,,,,,,
-72.5294,,,,,,,,,,,,,
-84.2318,-94.2012,3329.4643,-87.5146,998.2127,-90.3598,149.1566,-26.7893,-65.8359,,,,,
-65.2179,,,,,,,,,,,,,
216.5433,,,,,,,,,,,,,
-29.8956,-50.2056,338.6292,-98.5791,,,,,,,,,,
146.5996,16.5215,-62.8638,49.5806,,,,,,,,,,
,,,,,,,,,,,,,
-68.2424,,,,,,,,,,,,,
151.1593,-88.6574,97.1578,899.8804,,,,,,,,,,
,,,,,,,,,,,,,
448.9777,-34.5925,-92.9952,2261.1907,-97.7768,-61.3573,4015.1754,,,,,,,
,,,,,,,,,,,,,
49.4140,-89.2619,224.9375,244.1122,-66.2914,-14.9860,-61.5225,102.4442,-59.9777,,,,,
,,,,,,,,,,,,,
,,,,,,,,,,,,,
-1.1996,,,,,,,,,,,,,
,,,,,,,,,,,,,
,,,,,,,,,,,,,
-40.1634,-46.2330,67.3723,-8.2714,-83.7114,611.8760,161.0633,-30.9922,-99.0744,361.9937,,,,
65.6688,,,,,,,,,,,,,
,,,,,,,,,,,,,
289.2228,,,,,,,,,,,,,
,,,,,,,,,,,,,
,,,,,,,,,,,,,
,,,,,,,,,,,,,
,,,,,,,,,,,,,
-22.1045,613.1122,-64.2064,22.9111,43.3879,-42.9237,-25.7933,165.5947,-68.6167,,,,,
-93.2474,185.8182,341.0222,,,,,,,,,,,
-77.7344,-56.6918,-88.9280,2590.6916,,,,,,,,,,
216.8518,-55.3035,125.5148,59.6831,520.0160,209.1418,-68.4970,757.3661,-41.2357,102.4442,412.1552,-79.3617,-91.2655,
-84.5840,3519.2829,-38.8406,-55.7948,-42.0380,-68.6167,,,,,,,,
231.8820,-84.7091,238.2497,-19.2702,305.9529,-97.4604,746.5052,199.1612,,,,,,
-90.9751,1697.9019,-94.6596,1612.1593,,,,,,,,,,
656.0712,-14.2634,432.7117,-69.3579,439.8513,342.2530,-87.6831,-44.0471,,,,,,
,,,,,,,,,,,,,
-62.4901,-81.3851,1742.1427,,,,,,,,,,,
,,,,,,,,,,,,,
-73.3320,-66.4117,18.4180,,,,,,,,,,,
,,,,,,,,,,,,,
-80.9474,-38.9584,,,,,,,,,,,,
,,,,,,,,,,,,,
-98.8629,908.0949,4.9635,27.1435,,,,,,,,,,
100.3622,-73.0025,14.8794,,,,,,,,,,,
-95.3885,1565.3398,-23.7532,-94.4573,407.9031,79.9504,-28.4217,,,,,,,
,,,,,,,,,,,,,
-49.0532,-42.4016,283.6935,-89.4262,547.4742,-34.6302,572.5376,-76.8321,,,,,,
,,,,,,,,,,,,,
183.8464,,,,,,,,,,,,,
,,,,,,,,,,,,,
-70.5542,-92.6359,933.0209,-95.5661,129.2183,-61.3573,980.3829,-2.0596,-91.3510,995.3208,,,,
-79.0660,,,,,,,,,,,,,
-71.5508,19.5898,-79.6333,,,,,,,,,,,
,,,,,,,,,,,,,
,,,,,,,,,,,,,
-88.8311,258.7694,,,,,,,,,,,,
-80.4647,,,,,,,,,,,,,
300.3772,-95.0483,449.6423,,,,,,,,,,,
,,,,,,,,,,,,,
-88.3333,-92.0361,-3.3932,238.6021,709.7770,-55.3597,,,,,,,,
40.2956,,,,,,,,,,,,,
-86.0317,80.9445,-10.8942,169.9257,-53.8204,,,,,,,,,
,,,,,,,,,,,,,
,,,,,,,,,,,,,
-54.0379,,,,,,,,,,,,,
,,,,,,,,,,,,,
,,,,,,,,,,,,,
,,,,,,,,,,,,,
-99.3075,,,,,,,,,,,,,
,,,,,,,,,,,,,
188.5450,,,,,,,,,,,,,
,,,,,,,,,,,,,
-4.0978,208.4042,,,,,,,,,,,,
-88.2472,,,,,,,,,,,,,
,,,,,,,,,,,,,
,,,,,,,,,,,,,
-92.1294,-42.8309,-74.2382,278.0356,71.4732,64.6715,-6.0926,,,,,,,
205.1794,,,,,,,,,,,,,
,,,,,,,,,,,,,
246.3626,,,,,,,,,,,,,
-97.0697,374.8279,,,,,,,,,,,,
-47.8268,40.3360,,,,,,,,,,,,
149.4148,,,,,,,,,,,,,
32.9531,-89.2619,-52.1336,864.1529,-26.3610,14.2467,220.3442,-84.3488,,,,,,
133.1636,-90.2662,180.4308,,,,,,,,,,,
-96.6152,283.6935,377.5012,,,,,,,,,,,
,,,,,,,,,,,,,
34.0056,,,,,,,,,,,,,
-54.9738,,,,,,,,,,,,,
,,,,,,,,,,,,,
,,,,,,,,,,,,,
,,,,,,,,,,,,,
-62.5697,,,,,,,,,,,,,
,,,,,,,,,,,,,
-71.9806,25.4383,-71.6995,262.7880,-27.9249,-48.1164,-0.0383,,,,,,,
-85.4550,709.7770,-23.0340,-64.0138,,,,,,,,,,
,,,,,,,,,,,,,
,,,,,,,,,,,,,
144.3687,-61.8798,-95.8981,1736.6510,26.7464,-32.5186,61.2087,,,,,,,
-27.9027,-50.3978,,,,,,,,,,,,
,,,,,,,,,,,,,
,,,,,,,,,,,,,
-39.0144,620.9378,-58.9209,-98.7698,5825.5367,-71.0794,192.4706,,,,,,,
-79.7104,,,,,,,,,,,,,
-63.7346,-68.8554,226.2047,,,,,,,,,,,
,,,,,,,,,,,,,
,,,,,,,,,,,,,
,,,,,,,,,,,,,
,,,,,,,,,,,,,
-55.2801,,,,,,,,,,,,,
,,,,,,,,,,,,,
,,,,,,,,,,,,,
,,,,,,,,,,,,,
127.0771,,,,,,,,,,,,,
-24.3929,-44.0195,-25.2097,,,,,,,,,,,
-8.2958,,,,,,,,,,,,,
-98.1142,407.9031,-10.0248,-68.8554,396.7208,,,,,,,,,
7.4609,-2.2718,-70.4311,28.6938,,,,,,,,,,
-86.7589,,,,,,,,,,,,,
-65.2179,,,,,,,,,,,,,
2489.8968,-67.3151,34.9628,180.3012,21.9149,,,,,,,,,
,,,,,,,,,,,,,
,,,,,,,,,,,,,
-99.3158,50594.6658,,,,,,,,,,,,
,,,,,,,,,,,,,
-89.6233,1280.0041,-52.3144,3.3915,161.6258,-74.0633,-42.6954,-20.7824,116.7879,-48.5856,149.1566,-93.5699,836.7875,43.8737
,,,,,,,,,,,,,
,,,,,,,,,,,,,
-74.8246,393.2921,-57.2210,,,,,,,,,,,
-67.1139,71.5957,-78.6313,,,,,,,,,,,
,,,,,,,,,,,,,
-59.8010,,,,,,,,,,,,,
,,,,,,,,,,,,,
,,,,,,,,,,,,,
78.5071,26.7280,,,,,,,,,,,,
-12.5918,-98.2822,2016.1983,,,,,,,,,,,
-47.8268,,,,,,,,,,,,,
,,,,,,,,,,,,,
-88.5692,275.0374,,,,,,,,,,,,
12.2909,-66.4009,-71.4298,116.0766,30.5872,203.6664,-44.6319,329.9971,-73.1270,,,,,
,,,,,,,,,,,,,
,,,,,,,,,,,,,
-43.2438,,,,,,,,,,,,,
-87.8382,,,,,,,,,,,,,
-99.0551,,,,,,,,,,,,,
,,,,,,,,,,,,,
,,,,,,,,,,,,,
,,,,,,,,,,,,,
-89.0841,140.0851,154.6451,-16.9460,133.5843,-18.9431,,,,,,,,
-42.2293,-38.4499,-74.6043,116.0766,128.5276,92.8040,-50.1687,-3.6213,59.8597,,,,,
-21.5562,-55.0124,-89.2248,,,,,,,,,,,
-47.8268,,,,,,,,,,,,,
-97.9173,1593.0105,1.2221,-10.7195,,,,,,,,,,
-86.7342,-97.4102,3251.6828,-98.8634,746.5052,237.4071,,,,,,,,
,,,,,,,,,,,,,
,,,,,,,,,,,,,
162.0121,,,,,,,,,,,,,
-79.5899,-72.3981,332.1532,539.2540,-93.8716,574.8141,-25.2530,-53.0463,,,,,,
-86.0285,60.1368,,,,,,,,,,,,
-52.0007,,,,,,,,,,,,,
,,,,,,,,,,,,,
,,,,,,,,,,,,,
,,,,,,,,,,,,,
,,,,,,,,,,,,,
-56.4020,-58.7320,-67.4421,1587.0353,-92.6113,,,,,,,,,
-15.7123,,,,,,,,,,,,,
-5.7750,-11.2528,,,,,,,,,,,,
,,,,,,,,,,,,,
-47.8268,,,,,,,,,,,,,
-47.8268,,,,,,,,,,,,,
,,,,,,,,,,,,,
-38.7192,-91.9263,75.2304,360.0572,-35.2178,-27.3293,93.8164,,,,,,,
,,,,,,,,,,,,,
311.7333,,,,,,,,,,,,,
,,,,,,,,,,,,,
,,,,,,,,,,,,,
14.1993,-91.2294,7.0045,-30.0925,-90.1945,1587.0353,-26.1127,,,,,,,
359.3547,-95.8582,1048.7941,-70.4851,66.0969,16.7593,-66.2593,98.5722,,,,,,
267.9737,26.6275,-98.0671,8218.0514,,,,,,,,,,
,,,,,,,,,,,,,
,,,,,,,,,,,,,
-47.8268,,,,,,,,,,,,,
-95.2017,249.0215,,,,,,,,,,,,
-47.8268,,,,,,,,,,,,,
,,,,,,,,,,,,,
-36.0068,17.2239,66.0212,80.9445,-73.4712,,,,,,,,,
,,,,,,,,,,,,,
,,,,,,,,,,,,,
162.0121,352.5616,-55.1762,-15.3495,34.9628,89.3363,,,,,,,,
10.8485,-91.2804,-34.2807,-61.3573,3286.0210,225.7604,-34.4721,,,,,,,
-47.8268,,,,,,,,,,,,,
,,,,,,,,,,,,,
,,,,,,,,,,,,,
-55.5777,,,,,,,,,,,,,
65.6688,,,,,,,,,,,,,
242.6312,,,,,,,,,,,,,
-89.6240,286.5711,-64.1002,,,,,,,,,,,
,,,,,,,,,,,,,
,,,,,,,,,,,,,
-81.6518,-26.0658,-61.3573,182.1684,292.6491,,,,,,,,,
,,,,,,,,,,,,,
,,,,,,,,,,,,,
,,,,,,,,,,,,,
-94.3845,194.1641,24.6505,,,,,,,,,,,
-17.0308,,,,,,,,,,,,,
,,,,,,,,,,,,,
-95.6129,43.5993,795.2848,-76.2079,-42.8596,2510.0578,-85.4094,-35.3486,,,,,,
,,,,,,,,,,,,,
398.6682,-50.7581,-95.1679,2245.2013,-22.9896,-43.0914,-52.0167,186.6962,,,,,,
-81.6573,,,,,,,,,,,,,
,,,,,,,,,,,,,
1219.0970,-99.1316,1323.2665,-48.1038,,,,,,,,,,
,,,,,,,,,,,,,
-98.6732,4103.3598,-91.4001,,,,,,,,,,,
,,,,,,,,,,,,,
,,,,,,,,,,,,,
-75.7894,-7.4811,,,,,,,,,,,,
,,,,,,,,,,,,,
,,,,,,,,,,,,,
123.7622,-96.4793,8478.6838,-86.3771,-73.8521,1097.7951,35.1060,-76.6034,11.0686,,,,,
,,,,,,,,,,,,,
,,,,,,,,,,,,,
265.6140,-17.9782,,,,,,,,,,,,
209.2839,,,,,,,,,,,,,
,,,,,,,,,,,,,
,,,,,,,,,,,,,
217.7593,-89.8061,93.2856,588.7263,-72.2425,-92.3813,2294.2254,-72.9253,76.2442,262.5097,,,,
-98.7061,474.3970,684.6040,-79.6387,-74.6043,2968.5815,-56.7550,59.5272,,,,,,
-61.3199,,,,,,,,,,,,,
24.8651,-95.2373,334.8925,559.2935,33.0182,-98.5237,1196.4595,389.7021,-64.0099,-68.8554,0.0855,,,
-9.6510,568.2125,,,,,,,,,,,,
,,,,,,,,,,,,,
,,,,,,,,,,,,,
-47.8268,,,,,,,,,,,,,
,,,,,,,,,,,,,
,,,,,,,,,,,,,
-83.8929,,,,,,,,,,,,,
,,,,,,,,,,,,,
12606.9865,-93.6960,586.0167,-96.2199,,,,,,,,,,
273.3581,129.3079,-55.4411,-91.9820,442.1840,-29.7405,829.1293,-97.6771,1370.8206,142.9331,-76.9299,123.8950,216.5433,
-97.0666,,,,,,,,,,,,,
,,,,,,,,,,,,,
,,,,,,,,,,,,,
-80.3629,41.0842,372.3699,-26.1127,,,,,,,,,,
-53.2831,65.5736,,,,,,,,,,,,
,,,,,,,,,,,,,
,,,,,,,,,,,,,
18.1805,-73.2621,,,,,,,,,,,,
-96.2511,9039.7393,-89.6096,,,,,,,,,,,
74.6747,-53.2044,43.5993,,,,,,,,,,,
,,,,,,,,,,,,,
-68.2410,190.5272,27.8978,-78.8524,756.8506,-78.4495,,,,,,,,
-72.2742,-83.5966,22.1725,,,,,,,,,,,
,,,,,,,,,,,,,
-47.8783,18.2756,,,,,,,,,,,,
99.4155,123.1195,-69.0303,304.8885,-76.3971,,,,,,,,,
-19.5946,-32.1951,-85.0041,121.6620,,,,,,,,,,
-93.7393,-92.6361,1169.7579,124.9380,-25.2530,-60.4600,,,,,,,,
,,,,,,,,,,,,,
,,,,,,,,,,,,,
,,,,,,,,,,,,,
,,,,,,,,,,,,,
,,,,,,,,,,,,,
,,,,,,,,,,,,,
,,,,,,,,,,,,,
-25.1394,45.2636,-51.6786,-42.5603,,,,,,,,,,
-41.7751,-6.4088,196.6821,-80.3629,471.2337,12.1477,-3.2329,,,,,,,
,,,,,,,,,,,,,
40.7846,,,,,,,,,,,,,
,,,,,,,,,,,,,
218.9712,-77.4378,155.2876,8.2212,35.3176,-93.0739,908.0949,197.4895,-16.9478,1.1446,,,,
-95.6187,-22.7146,810.0869,,,,,,,,,,,
-47.8268,,,,,,,,,,,,,
,,,,,,,,,,,,,
,,,,,,,,,,,,,
-44.8396,1207.3723,-92.2901,136.1191,118.1754,34.9628,-56.8991,,,,,,,
-57.1253,384.2120,-72.2443,,,,,,,,,,,
,,,,,,,,,,,,,
-54.1894,,,,,,,,,,,,,
-28.5422,29.1232,,,,,,,,,,,,
,,,,,,,,,,,,,
-33.5183,,,,,,,,,,,,,
-62.7335,,,,,,,,,,,,,
,,,,,,,,,,,,,
-60.8760,-11.9615,209.2569,-93.3728,3300.6443,-98.3149,-22.7146,1853.1839,-83.4058,422.3489,-7.2131,45.2558,,
-92.4421,,,,,,,,,,,,,
34.7938,,,,,,,,,,,,,
,,,,,,,,,,,,,
,,,,,,,,,,,,,
-50.5388,,,,,,,,,,,,,
-64.1080,-82.4520,111.6263,-25.2097,,,,,,,,,,
-62.0057,127.8192,,,,,,,,,,,,
-98.8345,1194.9484,-34.6302,573.1128,,,,,,,,,,
-46.0563,1375.7442,-84.4812,-6.9909,-14.2895,-5.9439,1721.9982,-86.1580,37.1761,24.3045,,,,
,,,,,,,,,,,,,
,,,,,,,,,,,,,
,,,,,,,,,,,,,
-65.6351,746.5052,-25.2097,,,,,,,,,,,
3353.1957,-81.6147,-55.0124,1394.9396,11.2061,,,,,,,,,
208.2495,,,,,,,,,,,,,
,,,,,,,,,,,,,
-91.8161,,,,,,,,,,,,,
-96.2300,217.4395,169.9257,-61.5170,,,,,,,,,,
-34.5301,-95.0791,2862.7684,-42.1588,522.8915,-78.2530,,,,,,,,
-63.9153,-4.7661,86.8674,154.5385,,,,,,,,,,
,,,,,,,,,,,,,
,,,,,,,,,,,,,
,,,,,,,,,,,,,
,,,,,,,,,,,,,
,,,,,,,,,,,,,
,,,,,,,,,,,,,
501.0866,,,,,,,,,,,,,
,,,,,,,,,,,,,
-90.4171,,,,,,,,,,,,,
,,,,,,,,,,,,,
365.5636,-3.0230,227.1127,-95.4673,,,,,,,,,,
,,,,,,,,,,,,,
,,,,,,,,,,,,,
-57.5116,0.7972,139.3985,-83.0529,746.5052,-55.0124,-46.8935,,,,,,,
47.8684,-96.7798,22371.9652,-52.9133,40.3613,-60.5635,-56.7637,636.0206,,,,,,
-10.6180,151.8623,-45.6440,-2.3339,282.5172,13.6605,-56.6684,54.3231,-42.3515,-25.0287,,,,
-47.2872,43.6006,-47.2053,,,,,,,,,,,
,,,,,,,,,,,,,
,,,,,,,,,,,,,
-78.0734,-75.8393,140.1712,173.8610,-95.5712,2115.8637,,,,,,,,
,,,,,,,,,,,,,
,,,,,,,,,,,,,
-65.8917,171.2455,-87.2954,,,,,,,,,,,
,,,,,,,,,,,,,
162.0121,,,,,,,,,,,,,
,,,,,,,,,,,,,
,,,,,,,,,,,,,
,,,,,,,,,,,,,
,,,,,,,,,,,,,
152.0237,,,,,,,,,,,,,
145.6363,-60.3331,-86.2540,1593.0105,,,,,,,,,,
,,,,,,,,,,,,,
20.9287,-83.8596,38.7783,,,,,,,,,,,
,,,,,,,,,,,,,
,,,,,,,,,,,,,
,,,,,,,,,,,,,
-46.3283,-19.6801,-18.4106,49.9426,,,,,,,,,,
,,,,,,,,,,,,,
-17.1656,-44.1553,-46.0054,,,,,,,,,,,
,,,,,,,,,,,,,
,,,,,,,,,,,,,
-67.3918,,,,,,,,,,,,,
-57.0488,43.6006,-73.6026,,,,,,,,,,,
37.5563,259.7003,-64.2911,-48.6646,642.2955,-93.2830,,,,,,,,
202.7695,-32.9553,154.4269,0.6189,475.2297,151.1777,-61.2271,1700.4687,-72.0170,102.4442,592.1017,-89.4725,,
,,,,,,,,,,,,,
,,,,,,,,,,,,,
113.4905,-84.5919,607.9758,-38.3673,-46.0149,772.0481,-79.8770,,,,,,,
,,,,,,,,,,,,,
-52.3726,,,,,,,,,,,,,
-71.5121,-92.1648,1317.1097,-81.9680,,,,,,,,,,
195.8539,,,,,,,,,,,,,
,,,,,,,,,,,,,
382.4935,-79.7556,605.9437,-17.5766,-52.3992,,,,,,,,,
80.1333,-13.4540,,,,,,,,,,,,
,,,,,,,,,,,,,
-82.0937,1127.2031,3.7673,206.4210,102.4442,-92.7344,,,,,,,,
,,,,,,,,,,,,,
-59.3226,,,,,,,,,,,,,
-50.8082,,,,,,,,,,,,,
,,,,,,,,,,,,,
-86.0980,434.0748,1661.9996,,,,,,,,,,,
-91.1571,,,,,,,,,,,,,
-59.6174,,,,,,,,,,,,,
,,,,,,,,,,,,,
-68.0591,-84.1393,533.1039,,,,,,,,,,,
412.1200,-79.1620,-22.7146,967.4498,-67.8738,,,,,,,,,
-63.6094,132.4217,-75.8393,43.5993,,,,,,,,,,
-62.5697,723.1604,-61.6271,-64.1531,-3.3932,492.5537,-71.0794,112.4260,,,,,,
1736.9292,178.8910,-79.5664,-91.9684,,,,,,,,,,
-96.0111,-75.3553,15.9282,44.0511,46.9106,-10.0248,-53.8204,523.4528,,,,,,
,,,,,,,,,,,,,
-26.0349,-21.2130,-39.5983,-18.1910,-67.4558,,,,,,,,,
,,,,,,,,,,,,,
-55.1314,-31.2681,,,,,,,,,,,,
,,,,,,,,,,,,,
,,,,,,,,,,,,,
-66.0935,-93.1270,1628.6127,-57.2709,,,,,,,,,,
,,,,,,,,,,,,,
-47.8268,,,,,,,,,,,,,
,,,,,,,,,,,,,
-79.8349,-7.8572,-97.6690,3458.1662,-61.4485,,,,,,,,,
-91.9298,383.2139,-71.2801,,,,,,,,,,,
,,,,,,,,,,,,,
159.0005,-62.8395,-60.4643,844.9874,-90.7197,-22.4924,-90.4766,3789.3786,389.7021,-55.0124,-66.7791,46.4214,235.9473,
-23.0790,-77.3026,427.3576,61.0373,-43.1144,261.0221,-99.3543,3074.3947,94.4548,-96.1553,3364.9525,,,
,,,,,,,,,,,,,
88.1112,-89.6240,38.7783,,,,,,,,,,,
-57.6760,8365.0525,-79.7556,173.9988,,,,,,,,,,
-59.6904,40.3868,97.7881,-22.6756,,,,,,,,,,
-37.6059,,,,,,,,,,,,,
,,,,,,,,,,,,,
,,,,,,,,,,,,,
,,,,,,,,,,,,,
,,,,,,,,,,,,,
-6.5663,18.6199,,,,,,,,,,,,
,,,,,,,,,,,,,
-98.2050,2349.7353,746.5052,484.8389,-83.2298,-11.0351,,,,,,,,
,,,,,,,,,,,,,
34.7938,,,,,,,,,,,,,
-99.1119,112.5350,567.8731,-29.4940,22.5684,7.9703,-16.9478,-69.4183,,,,,,
192.3475,,,,,,,,,,,,,
-64.8630,,,,,,,,,,,,,
,,,,,,,,,,,,,
,,,,,,,,,,,,,
,,,,,,,,,,,,,
-94.8392,34.9628,273.7349,-80.2300,,,,,,,,,,
-81.0081,-61.9064,15608.9269,-86.7339,,,,,,,,,,
-36.4819,27.1056,353.8997,1573.5390,-9.5803,-95.4275,1229.5176,,,,,,,
119.5236,-68.2998,-17.9433,,,,,,,,,,,
-52.4935,295.2886,-88.4025,-3.3932,744.1385,,,,,,,,,
-47.8268,,,,,,,,,,,,,
,,,,,,,,,,,,,
176.0260,,,,,,,,,,,,,
-17.2593,577.8968,-24.0664,-43.4891,-19.6939,232.2088,-64.7847,,,,,,,
162.0121,,,,,,,,,,,,,
-62.0532,,,,,,,,,,,,,
-50.0007,,,,,,,,,,,,,
543.9815,-80.0619,51.8672,21.3699,-71.3613,-84.7626,958.1316,42.1016,,,,,,
,,,,,,,,,,,,,
189.1168,-64.9033,151.2987,37.7361,-52.4935,-41.8693,1118.2070,-82.1977,-16.4083,201.5458,-93.3849,,,
-36.3211,39.6764,497.1989,-91.9688,,,,,,,,,,
,,,,,,,,,,,,,
-61.2726,,,,,,,,,,,,,
,,,,,,,,,,,,,
,,,,,,,,,,,,,
,,,,,,,,,,,,,
-85.3625,-87.5131,2812.1352,-94.5142,1.5829,164.5329,7.9703,336.0240,-82.5247,,,,,
,,,,,,,,,,,,,
,,,,,,,,,,,,,
,,,,,,,,,,,,,
3653.9730,-89.4543,-86.5591,-45.9809,3895.3377,-90.1945,-32.5186,1830.9636,-83.4061,59.9745,-25.1108,,,
,,,,,,,,,,,,,
1.8936,273.5350,-52.9716,-24.9091,-91.1424,7016.3323,-77.7588,,,,,,,
66.7350,45.2636,-44.7756,69.5326,-62.8728,164.3663,-72.2923,,,,,,,
,,,,,,,,,,,,,
,,,,,,,,,,,,,
-47.8268,,,,,,,,,,,,,
-52.2130,152.3906,-58.4739,-85.1725,,,,,,,,,,
,,,,,,,,,,,,,
-58.6297,481.0544,-29.4573,3.2733,135.7757,-63.9500,210.9425,,,,,,,
,,,,,,,,,,,,,
,,,,,,,,,,,,,
,,,,,,,,,,,,,
19.9038,-67.7192,459.7902,195.2355,,,,,,,,,,
-78.8380,16.2613,-61.9064,2184.9348,-35.9156,-67.5727,,,,,,,,
,,,,,,,,,,,,,
-93.7785,270.3460,-22.8784,1301.5059,-98.2853,1283.5631,,,,,,,,
,,,,,,,,,,,,,
-22.6879,51.5784,-58.6035,-1.1456,,,,,,,,,,
504.8569,300.1042,-86.0085,438.0523,,,,,,,,,,
,,,,,,,,,,,,,
427.9348,-91.6987,-81.9936,1248.4265,,,,,,,,,,
