,,,,,,,,,,,,,,,,,,,,,
6.0301,-55.3354,,,,,,,,,,,,,,,,,,,,
261.2408,,,,,,,,,,,,,,,,,,,,,
-90.2961,74.5965,34.0303,,,,,,,,,,,,,,,,,,,
-81.3105,,,,,,,,,,,,,,,,,,,,,
52.7353,-96.8513,575.3943,,,,,,,,,,,,,,,,,,,
-86.4410,12.0130,163.8669,,,,,,,,,,,,,,,,,,,
-81.0717,-23.8846,-90.7584,-77.1306,-93.0382,28.1632,-71.6534,,,,,,,,,,,,,,,
,,,,,,,,,,,,,,,,,,,,,
,,,,,,,,,,,,,,,,,,,,,
349.4829,-62.6210,,,,,,,,,,,,,,,,,,,,
-55.3232,-37.2503,-81.3105,,,,,,,,,,,,,,,,,,,
-87.1556,486.3797,-94.5286,-62.1697,457.1184,-44.5606,834.6976,-26.7695,-33.0279,-1.7111,-82.2309,181.1041,,,,,,,,,,
10.2579,-98.4604,76.4931,299.0844,767.2391,-55.3232,,,,,,,,,,,,,,,,
,,,,,,,,,,,,,,,,,,,,,
-15.9938,,,,,,,,,,,,,,,,,,,,,
-78.3923,292.6288,,,,,,,,,,,,,,,,,,,,
,,,,,,,,,,,,,,,,,,,,,
-67.7695,-44.8551,200.1486,338.8359,-81.3105,,,,,,,,,,,,,,,,,
-90.0283,-15.9938,,,,,,,,,,,,,,,,,,,,
-41.2912,-89.6753,295.9208,,,,,,,,,,,,,,,,,,,
-15.9938,,,,,,,,,,,,,,,,,,,,,
-29.7353,-93.7909,66.6067,255.5938,3713.7049,-96.1507,,,,,,,,,,,,,,,,
-15.9938,,,,,,,,,,,,,,,,,,,,,
,,,,,,,,,,,,,,,,,,,,,
,,,,,,,,,,,,,,,,,,,,,
,,,,,,,,,,,,,,,,,,,,,
171.5630,,,,,,,,,,,,,,,,,,,,,
,,,,,,,,,,,,,,,,,,,,,
38.3524,152.6076,,,,,,,,,,,,,,,,,,,,
-88.0845,7272.7138,-70.0344,243.4389,-84.2885,5430.0771,-73.9419,-84.1276,34.0303,-31.0596,,,,,,,,,,,,
-74.7568,-52.6672,63.8346,,,,,,,,,,,,,,,,,,,
,,,,,,,,,,,,,,,,,,,,,
-55.3232,-99.1660,1636.7053,,,,,,,,,,,,,,,,,,,
37.2108,45.0718,,,,,,,,,,,,,,,,,,,,
,,,,,,,,,,,,,,,,,,,,,
-96.1507,,,,,,,,,,,,,,,,,,,,,
-78.0366,310.4796,934.4687,-96.5491,-81.3105,,,,,,,,,,,,,,,,,
-88.4008,-71.6649,-74.2730,239.3251,-55.3232,171.4528,406.6225,-79.5691,,,,,,,,,,,,,,
,,,,,,,,,,,,,,,,,,,,,
-93.1317,491.9335,66.6067,-93.6328,620.3914,-21.4107,-99.2301,4034.7100,,,,,,,,,,,,,,
-16.8409,280.1804,,,,,,,,,,,,,,,,,,,,
,,,,,,,,,,,,,,,,,,,,,
-81.3105,6.0182,,,,,,,,,,,,,,,,,,,,
,,,,,,,,,,,,,,,,,,,,,
452.3329,-71.0777,21.0560,,,,,,,,,,,,,,,,,,,
-55.3232,,,,,,,,,,,,,,,,,,,,,
-15.9938,,,,,,,,,,,,,,,,,,,,,
-80.6984,-51.2619,-79.8204,36.1018,,,,,,,,,,,,,,,,,,
,,,,,,,,,,,,,,,,,,,,,
,,,,,,,,,,,,,,,,,,,,,
,,,,,,,,,,,,,,,,,,,,,
-93.3028,-55.3232,,,,,,,,,,,,,,,,,,,,
-15.9938,,,,,,,,,,,,,,,,,,,,,
182.4901,-89.5347,,,,,,,,,,,,,,,,,,,,
117.5774,-82.2482,,,,,,,,,,,,,,,,,,,,
,,,,,,,,,,,,,,,,,,,,,
-42.3402,-71.4425,-79.0437,-33.9749,661.2118,1141.7733,-95.0627,-83.3393,18.5129,2618.5389,-94.8767,-72.2803,9583.0475,,,,,,,,,
-74.3279,-74.7924,-15.9938,745.7361,,,,,,,,,,,,,,,,,,
,,,,,,,,,,,,,,,,,,,,,
,,,,,,,,,,,,,,,,,,,,,
,,,,,,,,,,,,,,,,,,,,,
,,,,,,,,,,,,,,,,,,,,,
-81.3105,163.9177,,,,,,,,,,,,,,,,,,,,
-67.7098,,,,,,,,,,,,,,,,,,,,,
,,,,,,,,,,,,,,,,,,,,,
-80.0376,,,,,,,,,,,,,,,,,,,,,
181.9120,,,,,,,,,,,,,,,,,,,,,
-30.6378,314.0342,,,,,,,,,,,,,,,,,,,,
-15.9938,,,,,,,,,,,,,,,,,,,,,
,,,,,,,,,,,,,,,,,,,,,
-15.9938,,,,,,,,,,,,,,,,,,,,,
-98.9031,370.3433,,,,,,,,,,,,,,,,,,,,
-6.8708,-52.1670,-59.9701,,,,,,,,,,,,,,,,,,,
-27.6748,130.9295,-85.2914,-96.1707,347.1445,119.9615,3428.3198,,,,,,,,,,,,,,,
,,,,,,,,,,,,,,,,,,,,,
-55.3232,,,,,,,,,,,,,,,,,,,,,
,,,,,,,,,,,,,,,,,,,,,
,,,,,,,,,,,,,,,,,,,,,
-15.9938,,,,,,,,,,,,,,,,,,,,,
,,,,,,,,,,,,,,,,,,,,,
,,,,,,,,,,,,,,,,,,,,,
-15.9938,,,,,,,,,,,,,,,,,,,,,
-55.3232,-95.6912,-15.9938,,,,,,,,,,,,,,,,,,,
-15.9938,,,,,,,,,,,,,,,,,,,,,
-15.9938,,,,,,,,,,,,,,,,,,,,,
,,,,,,,,,,,,,,,,,,,,,
1041.2863,-61.1576,-89.7465,,,,,,,,,,,,,,,,,,,
,,,,,,,,,,,,,,,,,,,,,
,,,,,,,,,,,,,,,,,,,,,
-74.9014,1023.4612,,,,,,,,,,,,,,,,,,,,
,,,,,,,,,,,,,,,,,,,,,
-77.5014,-77.1540,678.2988,,,,,,,,,,,,,,,,,,,
27.5825,-12.5906,,,,,,,,,,,,,,,,,,,,
668.5522,-64.5436,,,,,,,,,,,,,,,,,,,,
-32.1704,37.3617,,,,,,,,,,,,,,,,,,,,
-94.2618,,,,,,,,,,,,,,,,,,,,,
,,,,,,,,,,,,,,,,,,,,,
,,,,,,,,,,,,,,,,,,,,,
337.1260,-62.0927,,,,,,,,,,,,,,,,,,,,
-71.9073,3136.8658,-86.3350,16.4707,22.3755,,,,,,,,,,,,,,,,,
,,,,,,,,,,,,,,,,,,,,,
-47.7722,-51.3150,22.3755,,,,,,,,,,,,,,,,,,,
-62.5512,-56.9181,220.1585,,,,,,,,,,,,,,,,,,,
-77.1918,794.5073,-96.9121,-73.1952,1368.3130,-75.6376,-80.3606,232.6362,572.1421,224.2677,-89.3538,-81.3105,2494.8067,,,,,,,,,
,,,,,,,,,,,,,,,,,,,,,
,,,,,,,,,,,,,,,,,,,,,
,,,,,,,,,,,,,,,,,,,,,
-89.8055,,,,,,,,,,,,,,,,,,,,,
-92.1602,990.2214,18.1346,,,,,,,,,,,,,,,,,,,
-52.6963,-47.3378,41.1188,536.3399,,,,,,,,,,,,,,,,,,
-40.7638,-78.8240,,,,,,,,,,,,,,,,,,,,
-83.7123,-36.3615,-93.7928,302.0910,,,,,,,,,,,,,,,,,,
,,,,,,,,,,,,,,,,,,,,,
-15.9938,,,,,,,,,,,,,,,,,,,,,
,,,,,,,,,,,,,,,,,,,,,
-99.7272,2520.0642,-92.1996,,,,,,,,,,,,,,,,,,,
-85.8302,80.9441,-50.9961,,,,,,,,,,,,,,,,,,,
-31.7340,-87.0851,600.1434,0.6261,,,,,,,,,,,,,,,,,,
,,,,,,,,,,,,,,,,,,,,,
-81.3105,-44.1255,,,,,,,,,,,,,,,,,,,,
,,,,,,,,,,,,,,,,,,,,,
186.6970,-95.8469,293.1557,-94.7120,-43.9959,933.6775,,,,,,,,,,,,,,,,
-95.0842,1846.4116,,,,,,,,,,,,,,,,,,,,
-64.8586,-89.3434,-38.6899,-71.2051,170.1654,297.9305,-82.2572,,,,,,,,,,,,,,,
104.1752,-40.1663,-1.2560,,,,,,,,,,,,,,,,,,,
,,,,,,,,,,,,,,,,,,,,,
-6.4595,-28.4160,1.6419,89.0400,443.1261,-99.2265,-15.9938,,,,,,,,,,,,,,,
-86.0810,-46.1879,132.1737,1177.4798,,,,,,,,,,,,,,,,,,
-97.2694,9940.9341,,,,,,,,,,,,,,,,,,,,
1112.9930,575.6429,-89.3359,599.8579,89.5379,-92.1508,,,,,,,,,,,,,,,,
-96.3150,-84.8754,-15.9938,4116.5609,,,,,,,,,,,,,,,,,,
-15.9938,,,,,,,,,,,,,,,,,,,,,
,,,,,,,,,,,,,,,,,,,,,
,,,,,,,,,,,,,,,,,,,,,
-15.9938,,,,,,,,,,,,,,,,,,,,,
-15.9938,,,,,,,,,,,,,,,,,,,,,
-97.6665,56.3149,,,,,,,,,,,,,,,,,,,,
,,,,,,,,,,,,,,,,,,,,,
50.9487,-78.4400,12.5804,-97.2978,3209.5256,-10.8087,-98.6038,,,,,,,,,,,,,,,
-56.4129,,,,,,,,,,,,,,,,,,,,,
39.5910,-21.1303,,,,,,,,,,,,,,,,,,,,
,,,,,,,,,,,,,,,,,,,,,
-96.7232,545.7457,66.6067,1353.3202,,,,,,,,,,,,,,,,,,
23870.0372,-89.2294,-98.6154,2956.1277,-67.9307,759.7215,-61.6812,216.9749,93.7318,-7.0442,-91.6059,-32.9848,-42.8788,-76.6904,,,,,,,,
,,,,,,,,,,,,,,,,,,,,,
-15.9938,,,,,,,,,,,,,,,,,,,,,
,,,,,,,,,,,,,,,,,,,,,
-69.0571,180.9344,-70.8396,-93.8919,7208.7055,,,,,,,,,,,,,,,,,
-75.0559,417.8418,-95.6474,5554.8156,,,,,,,,,,,,,,,,,,
-92.0101,52.0635,-88.1631,447.2906,-89.7117,22.7782,77.5394,,,,,,,,,,,,,,,
,,,,,,,,,,,,,,,,,,,,,
,,,,,,,,,,,,,,,,,,,,,
-65.8621,164.7681,,,,,,,,,,,,,,,,,,,,
101.4923,-39.6185,,,,,,,,,,,,,,,,,,,,
-5.1092,7.2188,,,,,,,,,,,,,,,,,,,,
-69.5823,,,,,,,,,,,,,,,,,,,,,
,,,,,,,,,,,,,,,,,,,,,
-95.5342,66.6067,-49.6320,-9.8842,-96.7181,1419.0105,,,,,,,,,,,,,,,,
-15.9938,,,,,,,,,,,,,,,,,,,,,
-63.0270,,,,,,,,,,,,,,,,,,,,,
-67.5073,547.3732,-53.3272,,,,,,,,,,,,,,,,,,,
-20.6677,220.5528,,,,,,,,,,,,,,,,,,,,
,,,,,,,,,,,,,,,,,,,,,
-58.4205,540.6355,-77.5064,155.8242,,,,,,,,,,,,,,,,,,
187.7001,,,,,,,,,,,,,,,,,,,,,
-86.8929,61.4364,-75.3187,808.2491,40.4426,-15.9938,,,,,,,,,,,,,,,,
-45.5764,-95.2404,1110.6870,-96.5202,-46.7887,-72.9189,-57.5844,257.4142,-17.5947,-50.5846,,,,,,,,,,,,
-55.3232,,,,,,,,,,,,,,,,,,,,,
-80.7249,1374.5428,,,,,,,,,,,,,,,,,,,,
-91.6338,3270.3835,,,,,,,,,,,,,,,,,,,,
-79.9890,-98.8847,2065.9197,-43.6786,-21.8156,32.9565,445.5934,-80.7535,1071.5012,-71.2058,,,,,,,,,,,,
,,,,,,,,,,,,,,,,,,,,,
-92.9363,540.3315,-8.6198,-44.8209,-69.8340,152.7060,89.0400,,,,,,,,,,,,,,,
84.3182,-53.0245,-42.9783,-79.6350,3765.4590,-62.5704,-99.1586,-70.3718,13847.2865,-95.3398,3183.8138,-39.0058,-48.8837,-55.3232,-25.8067,,,,,,,
,,,,,,,,,,,,,,,,,,,,,
-97.5894,1410.9311,-55.3232,,,,,,,,,,,,,,,,,,,
19541.3627,-96.1507,,,,,,,,,,,,,,,,,,,,
,,,,,,,,,,,,,,,,,,,,,
-62.4524,-32.9848,3.1596,-11.2303,,,,,,,,,,,,,,,,,,
,,,,,,,,,,,,,,,,,,,,,
-73.7639,299.0844,-98.7104,,,,,,,,,,,,,,,,,,,
-55.3232,-94.6140,-15.9938,,,,,,,,,,,,,,,,,,,
-90.1830,160.0136,,,,,,,,,,,,,,,,,,,,
-99.1312,143.5878,934.6083,-91.6975,,,,,,,,,,,,,,,,,,
-63.5712,-92.0095,,,,,,,,,,,,,,,,,,,,
-54.1344,101.8467,,,,,,,,,,,,,,,,,,,,
,,,,,,,,,,,,,,,,,,,,,
,,,,,,,,,,,,,,,,,,,,,
-80.7478,126.1750,25.7857,-94.8144,-88.5413,9192.4944,-89.6834,-35.0767,,,,,,,,,,,,,,
,,,,,,,,,,,,,,,,,,,,,
-98.7402,,,,,,,,,,,,,,,,,,,,,
-96.9989,269.0886,,,,,,,,,,,,,,,,,,,,
,,,,,,,,,,,,,,,,,,,,,
-98.1472,365.6907,-42.9879,1186.5004,-55.3232,,,,,,,,,,,,,,,,,
-86.9071,-80.4332,36.5289,,,,,,,,,,,,,,,,,,,
,,,,,,,,,,,,,,,,,,,,,
-15.9938,,,,,,,,,,,,,,,,,,,,,
-72.5578,69.6625,-32.9848,,,,,,,,,,,,,,,,,,,
,,,,,,,,,,,,,,,,,,,,,
207.4209,-50.3987,-1.7111,-82.3732,-15.9938,,,,,,,,,,,,,,,,,
,,,,,,,,,,,,,,,,,,,,,
63.0262,912.7464,,,,,,,,,,,,,,,,,,,,
,,,,,,,,,,,,,,,,,,,,,
,,,,,,,,,,,,,,,,,,,,,
-55.8539,-96.5609,748.8588,-83.6720,-36.9954,,,,,,,,,,,,,,,,,
-93.3364,-96.9539,321.2979,,,,,,,,,,,,,,,,,,,
-68.4073,-53.8233,,,,,,,,,,,,,,,,,,,,
,,,,,,,,,,,,,,,,,,,,,
-69.4019,-65.7311,-46.8739,110.8435,-47.2266,,,,,,,,,,,,,,,,,
,,,,,,,,,,,,,,,,,,,,,
-15.9938,,,,,,,,,,,,,,,,,,,,,
-15.9938,,,,,,,,,,,,,,,,,,,,,
-15.9938,,,,,,,,,,,,,,,,,,,,,
-10.6464,,,,,,,,,,,,,,,,,,,,,
-80.2425,343.8759,,,,,,,,,,,,,,,,,,,,
,,,,,,,,,,,,,,,,,,,,,
-15.9938,,,,,,,,,,,,,,,,,,,,,
-98.8351,,,,,,,,,,,,,,,,,,,,,
,,,,,,,,,,,,,,,,,,,,,
-94.5865,9.7686,,,,,,,,,,,,,,,,,,,,
-79.3256,776.7138,-99.7404,1318.3681,1.4703,1198.3543,1.8976,,,,,,,,,,,,,,,
-33.8996,-81.3105,,,,,,,,,,,,,,,,,,,,
4.5707,,,,,,,,,,,,,,,,,,,,,
-98.2412,288.0756,38.0292,564.2258,-55.3232,,,,,,,,,,,,,,,,,
-51.7975,-94.0239,-49.1012,212.7375,-72.3007,183.3736,,,,,,,,,,,,,,,,
,,,,,,,,,,,,,,,,,,,,,
105.2384,-85.4031,2259.2674,,,,,,,,,,,,,,,,,,,
-85.9537,516.7538,526.4712,-97.2805,,,,,,,,,,,,,,,,,,
,,,,,,,,,,,,,,,,,,,,,
-96.6838,948.0257,-54.2631,-77.9542,-15.9938,,,,,,,,,,,,,,,,,
-89.0774,2498.0039,,,,,,,,,,,,,,,,,,,,
-25.1410,,,,,,,,,,,,,,,,,,,,,
,,,,,,,,,,,,,,,,,,,,,
-60.5581,-95.9011,1129.2524,-79.8991,1076.2487,-92.4127,-81.3105,3273.2487,,,,,,,,,,,,,,
,,,,,,,,,,,,,,,,,,,,,
,,,,,,,,,,,,,,,,,,,,,
228.7228,,,,,,,,,,,,,,,,,,,,,
-15.9938,,,,,,,,,,,,,,,,,,,,,
,,,,,,,,,,,,,,,,,,,,,
-28.2811,,,,,,,,,,,,,,,,,,,,,
-15.9938,,,,,,,,,,,,,,,,,,,,,
,,,,,,,,,,,,,,,,,,,,,
-15.9938,,,,,,,,,,,,,,,,,,,,,
,,,,,,,,,,,,,,,,,,,,,
-72.1870,69.6625,-32.9848,,,,,,,,,,,,,,,,,,,
-98.5647,86.6799,66.6067,58.5756,,,,,,,,,,,,,,,,,,
,,,,,,,,,,,,,,,,,,,,,
81.2336,52.3443,,,,,,,,,,,,,,,,,,,,
,,,,,,,,,,,,,,,,,,,,,
-98.3896,42.3087,-5.4800,,,,,,,,,,,,,,,,,,,
-15.9938,,,,,,,,,,,,,,,,,,,,,
,,,,,,,,,,,,,,,,,,,,,
,,,,,,,,,,,,,,,,,,,,,
-92.2991,299.8044,-63.1002,66.6067,-64.9802,1196.2014,,,,,,,,,,,,,,,,
128.9818,-44.6237,,,,,,,,,,,,,,,,,,,,
-30.1316,1486.4998,,,,,,,,,,,,,,,,,,,,
,,,,,,,,,,,,,,,,,,,,,
133.3698,12.9507,,,,,,,,,,,,,,,,,,,,
136.7853,-96.3209,-54.3081,498.7515,65.0628,-69.5515,172.6867,568.8907,-93.6997,-67.0798,-52.7211,252.1944,29.8416,425.1110,-97.7713,30.7286,-81.3105,8858.5383,-87.4487,,,
,,,,,,,,,,,,,,,,,,,,,
,,,,,,,,,,,,,,,,,,,,,
-55.3232,,,,,,,,,,,,,,,,,,,,,
-81.3105,,,,,,,,,,,,,,,,,,,,,
473.7150,,,,,,,,,,,,,,,,,,,,,
-41.2442,245.9106,-90.8027,,,,,,,,,,,,,,,,,,,
-98.3070,1038.4697,-88.1850,160.0136,,,,,,,,,,,,,,,,,,
-40.4224,-90.1341,249.3419,,,,,,,,,,,,,,,,,,,
,,,,,,,,,,,,,,,,,,,,,
-5.5912,70.4660,-71.4713,-84.7758,89.1517,624.2539,-82.9417,346.3444,-89.7296,34.0303,422.9144,-62.6210,,,,,,,,,,
-15.9938,,,,,,,,,,,,,,,,,,,,,
,,,,,,,,,,,,,,,,,,,,,
-15.9938,,,,,,,,,,,,,,,,,,,,,
-14.4081,-88.1825,1106.2182,,,,,,,,,,,,,,,,,,,
-55.3232,,,,,,,,,,,,,,,,,,,,,
-76.9384,477.6221,798.9658,-71.9657,,,,,,,,,,,,,,,,,,
-15.9938,,,,,,,,,,,,,,,,,,,,,
-81.3105,,,,,,,,,,,,,,,,,,,,,
,,,,,,,,,,,,,,,,,,,,,
-86.6277,422.4855,,,,,,,,,,,,,,,,,,,,
,,,,,,,,,,,,,,,,,,,,,
,,,,,,,,,,,,,,,,,,,,,
,,,,,,,,,,,,,,,,,,,,,
,,,,,,,,,,,,,,,,,,,,,
-19.5673,-97.3941,212.7375,-88.9203,5069.0532,-81.3105,394.3675,-85.1666,,,,,,,,,,,,,,
665.3357,-70.3341,-58.6529,,,,,,,,,,,,,,,,,,,
-80.3093,,,,,,,,,,,,,,,,,,,,,
,,,,,,,,,,,,,,,,,,,,,
-29.6736,115.2330,-97.6464,128.3231,485.8195,-83.9820,67.5379,-80.4540,,,,,,,,,,,,,,
,,,,,,,,,,,,,,,,,,,,,
-21.2246,25.3297,,,,,,,,,,,,,,,,,,,,
-15.9938,,,,,,,,,,,,,,,,,,,,,
-9.5625,-74.4242,130.6071,1370.4057,-98.4754,-87.3962,-15.9938,,,,,,,,,,,,,,,
,,,,,,,,,,,,,,,,,,,,,
,,,,,,,,,,,,,,,,,,,,,
-55.3232,,,,,,,,,,,,,,,,,,,,,
-93.1015,158.4916,,,,,,,,,,,,,,,,,,,,
-86.5795,-10.3452,-78.9127,-15.9938,,,,,,,,,,,,,,,,,,
,,,,,,,,,,,,,,,,,,,,,
349.4829,-62.6210,,,,,,,,,,,,,,,,,,,,
77.4275,-33.9637,,,,,,,,,,,,,,,,,,,,
,,,,,,,,,,,,,,,,,,,,,
,,,,,,,,,,,,,,,,,,,,,
,,,,,,,,,,,,,,,,,,,,,
-55.3232,-98.7624,-15.9938,,,,,,,,,,,,,,,,,,,
-95.7877,187.2602,807.8453,99.4996,-94.0453,2169.0249,-88.7349,-77.0308,-50.5365,1638.1175,,,,,,,,,,,,
-10.2382,,,,,,,,,,,,,,,,,,,,,
,,,,,,,,,,,,,,,,,,,,,
-78.1549,-87.0754,586.0540,-81.4802,,,,,,,,,,,,,,,,,,
-60.9704,33.0545,209.8155,99.7502,-37.1216,626.6456,-96.0203,,,,,,,,,,,,,,,
668.7184,-98.8633,1629.5529,-88.4812,1129.2524,-60.7212,-5.9464,,,,,,,,,,,,,,,
,,,,,,,,,,,,,,,,,,,,,
246.5733,-81.6672,-15.9938,,,,,,,,,,,,,,,,,,,
-15.9938,,,,,,,,,,,,,,,,,,,,,
,,,,,,,,,,,,,,,,,,,,,
-89.3262,1824.7724,-99.0419,129.1734,-0.2091,327.0903,-45.8893,,,,,,,,,,,,,,,
99.8525,-10.2538,,,,,,,,,,,,,,,,,,,,
-72.4062,3.3967,,,,,,,,,,,,,,,,,,,,
-15.9938,,,,,,,,,,,,,,,,,,,,,
48.9716,-72.9717,266.2459,-73.3183,-63.7898,516.9733,-78.9312,-75.1282,19.1068,-60.9274,11787.2911,,,,,,,,,,,
,,,,,,,,,,,,,,,,,,,,,
,,,,,,,,,,,,,,,,,,,,,
,,,,,,,,,,,,,,,,,,,,,
-82.1681,950.6782,,,,,,,,,,,,,,,,,,,,
3055.9441,,,,,,,,,,,,,,,,,,,,,
-57.0558,114.3064,152.4096,-33.9561,,,,,,,,,,,,,,,,,,
-1.6970,161.7154,,,,,,,,,,,,,,,,,,,,
-42.1747,-53.8786,-32.7449,,,,,,,,,,,,,,,,,,,
,,,,,,,,,,,,,,,,,,,,,
-31.3946,208.6634,,,,,,,,,,,,,,,,,,,,
-81.3105,3.7923,,,,,,,,,,,,,,,,,,,,
,,,,,,,,,,,,,,,,,,,,,
,,,,,,,,,,,,,,,,,,,,,
-81.3105,1919.2770,,,,,,,,,,,,,,,,,,,,
,,,,,,,,,,,,,,,,,,,,,
55.3811,-12.1309,-86.1636,-13.6093,16.7749,-15.2961,-6.2986,,,,,,,,,,,,,,,
-25.9166,-70.1740,,,,,,,,,,,,,,,,,,,,
-55.3232,-98.6694,-81.3105,,,,,,,,,,,,,,,,,,,
27.0378,947.0427,-50.5022,-98.0223,276.2815,,,,,,,,,,,,,,,,,
-15.9938,,,,,,,,,,,,,,,,,,,,,
-3.8605,120.9223,,,,,,,,,,,,,,,,,,,,
-78.1047,69.6625,-32.9848,-94.5705,,,,,,,,,,,,,,,,,,
-92.7683,2664.3616,-88.3940,-69.3449,140.1797,-63.6257,-55.3232,-68.9768,,,,,,,,,,,,,,
-55.3232,-80.7212,,,,,,,,,,,,,,,,,,,,
-81.3105,,,,,,,,,,,,,,,,,,,,,
81.2195,-74.8281,7723.6517,-99.5047,-89.1222,,,,,,,,,,,,,,,,,
17.1787,-34.2764,,,,,,,,,,,,,,,,,,,,
-81.3105,,,,,,,,,,,,,,,,,,,,,
-74.5933,,,,,,,,,,,,,,,,,,,,,
,,,,,,,,,,,,,,,,,,,,,
2.4735,,,,,,,,,,,,,,,,,,,,,
-54.0103,280.5016,-94.7642,107.5998,,,,,,,,,,,,,,,,,,
,,,,,,,,,,,,,,,,,,,,,
33.3212,24.8505,-27.2910,-63.5173,,,,,,,,,,,,,,,,,,
546.2825,-81.4580,4989.8760,-55.3232,,,,,,,,,,,,,,,,,,
-94.7599,3444.6122,,,,,,,,,,,,,,,,,,,,
,,,,,,,,,,,,,,,,,,,,,
-61.1024,134.6572,,,,,,,,,,,,,,,,,,,,
-15.9211,202.1814,,,,,,,,,,,,,,,,,,,,
-58.9335,-40.6214,-78.8989,140.9463,,,,,,,,,,,,,,,,,,
-15.9938,,,,,,,,,,,,,,,,,,,,,
-15.9938,,,,,,,,,,,,,,,,,,,,,
86.2209,,,,,,,,,,,,,,,,,,,,,
,,,,,,,,,,,,,,,,,,,,,
,,,,,,,,,,,,,,,,,,,,,
57.5969,-78.5017,-21.4107,,,,,,,,,,,,,,,,,,,
,,,,,,,,,,,,,,,,,,,,,
-15.5255,,,,,,,,,,,,,,,,,,,,,
-94.2224,,,,,,,,,,,,,,,,,,,,,
-91.7088,258.2726,-97.2926,570.1517,-93.4847,462.2081,,,,,,,,,,,,,,,,
0.3644,-8.1806,,,,,,,,,,,,,,,,,,,,
1745.8792,-84.4242,-78.0085,380.4745,-41.8339,-78.3322,998.8937,,,,,,,,,,,,,,,
-15.9938,,,,,,,,,,,,,,,,,,,,,
,,,,,,,,,,,,,,,,,,,,,
-61.6189,378.9013,-40.8228,,,,,,,,,,,,,,,,,,,
,,,,,,,,,,,,,,,,,,,,,
-15.9938,,,,,,,,,,,,,,,,,,,,,
-11.1659,,,,,,,,,,,,,,,,,,,,,
,,,,,,,,,,,,,,,,,,,,,
,,,,,,,,,,,,,,,,,,,,,
,,,,,,,,,,,,,,,,,,,,,
-95.7771,,,,,,,,,,,,,,,,,,,,,
-81.3105,100.0666,,,,,,,,,,,,,,,,,,,,
,,,,,,,,,,,,,,,,,,,,,
-88.0845,5689.3484,-68.2295,-88.8929,162.9504,-46.7280,-90.1803,1313.7039,-14.7467,-62.0442,-25.5387,-84.4884,,,,,,,,,,
-97.7130,2300.7016,-55.3232,,,,,,,,,,,,,,,,,,,
-98.8417,139.1292,106.2969,,,,,,,,,,,,,,,,,,,
-55.3232,,,,,,,,,,,,,,,,,,,,,
,,,,,,,,,,,,,,,,,,,,,
-45.5775,-81.6750,2358.2257,-97.6035,-68.8447,,,,,,,,,,,,,,,,,
549.7173,,,,,,,,,,,,,,,,,,,,,
-91.6158,2872.9006,,,,,,,,,,,,,,,,,,,,
66.7645,-94.9784,-80.2009,,,,,,,,,,,,,,,,,,,
,,,,,,,,,,,,,,,,,,,,,
,,,,,,,,,,,,,,,,,,,,,
-5.1202,,,,,,,,,,,,,,,,,,,,,
98.3023,142.0836,,,,,,,,,,,,,,,,,,,,
,,,,,,,,,,,,,,,,,,,,,
-79.5792,-65.6956,33.7213,-49.1611,-46.6014,,,,,,,,,,,,,,,,,
-57.5948,559.3039,,,,,,,,,,,,,,,,,,,,
5.9488,105.8162,-86.4188,206.6590,,,,,,,,,,,,,,,,,,
-89.3784,-89.7816,10052.0791,,,,,,,,,,,,,,,,,,,
-15.9938,,,,,,,,,,,,,,,,,,,,,
,,,,,,,,,,,,,,,,,,,,,
-86.3401,117.0367,-76.9321,71.9234,,,,,,,,,,,,,,,,,,
-80.1699,342.3184,,,,,,,,,,,,,,,,,,,,
-97.6669,36.5289,1679.5411,-55.3232,,,,,,,,,,,,,,,,,,
511.7390,,,,,,,,,,,,,,,,,,,,,
-99.3712,512.7686,-96.3111,-15.9938,,,,,,,,,,,,,,,,,,
44.5633,88.1797,,,,,,,,,,,,,,,,,,,,
-98.5450,372.7894,2.9131,,,,,,,,,,,,,,,,,,,
,,,,,,,,,,,,,,,,,,,,,
-15.9938,,,,,,,,,,,,,,,,,,,,,
,,,,,,,,,,,,,,,,,,,,,
1785.0987,,,,,,,,,,,,,,,,,,,,,
-3.5106,,,,,,,,,,,,,,,,,,,,,
-26.3195,,,,,,,,,,,,,,,,,,,,,
-40.5041,73.7640,-84.9219,6.5934,-82.6258,5381.5291,,,,,,,,,,,,,,,,
26.5856,,,,,,,,,,,,,,,,,,,,,
,,,,,,,,,,,,,,,,,,,,,
-55.3232,,,,,,,,,,,,,,,,,,,,,
,,,,,,,,,,,,,,,,,,,,,
-89.3234,385.5299,69.7542,-81.2485,,,,,,,,,,,,,,,,,,
-81.3105,,,,,,,,,,,,,,,,,,,,,
627.4943,-96.0995,2611.0683,-97.7315,66.6067,5.7171,-22.0393,,,,,,,,,,,,,,,
-80.9846,161.9538,,,,,,,,,,,,,,,,,,,,
-55.3232,,,,,,,,,,,,,,,,,,,,,
-53.3869,305.7907,1129.2524,-99.5309,,,,,,,,,,,,,,,,,,
-96.0064,-55.2317,-55.3232,910.2146,-72.8054,,,,,,,,,,,,,,,,,
-68.7774,592.0423,-99.7964,6921.7720,129.9030,-99.4501,743.3122,,,,,,,,,,,,,,,
66.6067,-93.6256,84.7068,-86.7725,,,,,,,,,,,,,,,,,,
-80.3760,,,,,,,,,,,,,,,,,,,,,
-99.8590,845.5787,-80.3606,-16.8409,1601.3598,-90.3699,,,,,,,,,,,,,,,,
-97.9857,74.6709,1776.9122,-55.3232,,,,,,,,,,,,,,,,,,
,,,,,,,,,,,,,,,,,,,,,
-54.6365,-12.6478,-19.3988,-91.9585,972.9271,66.6067,45.0819,,,,,,,,,,,,,,,
-15.9938,,,,,,,,,,,,,,,,,,,,,
-54.7966,-81.3279,-59.9643,-15.9938,,,,,,,,,,,,,,,,,,
,,,,,,,,,,,,,,,,,,,,,
-91.9077,127.7345,-55.3232,,,,,,,,,,,,,,,,,,,
-96.7329,-8.9952,49.4041,-90.6552,,,,,,,,,,,,,,,,,,
-98.5106,3043.4456,505.2302,-79.5165,-67.3310,554.5564,,,,,,,,,,,,,,,,
-15.9938,,,,,,,,,,,,,,,,,,,,,
-81.3684,,,,,,,,,,,,,,,,,,,,,
,,,,,,,,,,,,,,,,,,,,,
-94.0066,1065.7465,,,,,,,,,,,,,,,,,,,,
473.7150,,,,,,,,,,,,,,,,,,,,,
-81.3105,,,,,,,,,,,,,,,,,,,,,
,,,,,,,,,,,,,,,,,,,,,
,,,,,,,,,,,,,,,,,,,,,
-84.3300,-85.4031,-0.9080,-81.3105,,,,,,,,,,,,,,,,,,
-74.4252,-6.2968,534.0299,,,,,,,,,,,,,,,,,,,
-88.8450,-47.3378,109.7590,411.5047,54.7062,-98.8605,47178.9374,,,,,,,,,,,,,,,
,,,,,,,,,,,,,,,,,,,,,
-87.5279,77.0562,-36.4825,26.0266,929.0810,-33.1776,,,,,,,,,,,,,,,,
855.7021,-97.6017,1508.3641,68.0422,-90.0377,,,,,,,,,,,,,,,,,
-96.0235,-55.3232,,,,,,,,,,,,,,,,,,,,
,,,,,,,,,,,,,,,,,,,,,
-81.3105,,,,,,,,,,,,,,,,,,,,,
-25.6240,346.9746,,,,,,,,,,,,,,,,,,,,
-95.9013,1304.3630,-55.3232,,,,,,,,,,,,,,,,,,,
,,,,,,,,,,,,,,,,,,,,,
,,,,,,,,,,,,,,,,,,,,,
-47.0897,-60.8277,-65.8775,,,,,,,,,,,,,,,,,,,
73.8530,-97.7154,2257.5842,-26.6388,-87.8206,2812.2307,-71.9148,-2.4794,,,,,,,,,,,,,,
,,,,,,,,,,,,,,,,,,,,,
-97.9622,22.2697,-44.2828,,,,,,,,,,,,,,,,,,,
249.3419,-89.4453,2685.6410,,,,,,,,,,,,,,,,,,,
-15.9938,,,,,,,,,,,,,,,,,,,,,
-77.1270,-69.8471,9489.0082,,,,,,,,,,,,,,,,,,,
203.3935,-89.6243,858.1514,-55.3232,,,,,,,,,,,,,,,,,,
,,,,,,,,,,,,,,,,,,,,,
-55.3232,,,,,,,,,,,,,,,,,,,,,
33.0545,-68.4933,,,,,,,,,,,,,,,,,,,,
,,,,,,,,,,,,,,,,,,,,,
-92.7183,184.3408,,,,,,,,,,,,,,,,,,,,
-22.9721,-55.3232,,,,,,,,,,,,,,,,,,,,
,,,,,,,,,,,,,,,,,,,,,
2581.3031,-65.7132,,,,,,,,,,,,,,,,,,,,
-84.7009,97.5665,-51.2824,3278.3951,-94.3288,-63.3322,-16.8409,173.0577,319.7031,-39.2396,434.8195,,,,,,,,,,,
-23.2964,28.2100,-93.9727,,,,,,,,,,,,,,,,,,,
-63.8220,-55.3232,-87.9651,,,,,,,,,,,,,,,,,,,
-55.3232,-74.3545,-96.1507,,,,,,,,,,,,,,,,,,,
-7.6547,-42.9864,685.5250,,,,,,,,,,,,,,,,,,,
24.9569,-76.9343,,,,,,,,,,,,,,,,,,,,
95.0102,,,,,,,,,,,,,,,,,,,,,
-57.6109,-95.3853,,,,,,,,,,,,,,,,,,,,
-86.9554,173.0577,380.0251,,,,,,,,,,,,,,,,,,,
28.7770,,,,,,,,,,,,,,,,,,,,,
-15.9938,,,,,,,,,,,,,,,,,,,,,
53.6737,8.1376,300.9326,-96.9206,35.6476,161.3924,,,,,,,,,,,,,,,,
,,,,,,,,,,,,,,,,,,,,,
-15.9938,,,,,,,,,,,,,,,,,,,,,
-15.9938,,,,,,,,,,,,,,,,,,,,,
-15.9938,,,,,,,,,,,,,,,,,,,,,
-36.1468,-96.8370,168.0607,,,,,,,,,,,,,,,,,,,
-98.6992,,,,,,,,,,,,,,,,,,,,,
,,,,,,,,,,,,,,,,,,,,,
,,,,,,,,,,,,,,,,,,,,,
,,,,,,,,,,,,,,,,,,,,,
-95.4293,94.4590,,,,,,,,,,,,,,,,,,,,
775.3054,-99.4571,161.9538,461.2135,-25.9684,-42.3365,-89.9944,214.2306,3642.1574,,,,,,,,,,,,,
,,,,,,,,,,,,,,,,,,,,,
,,,,,,,,,,,,,,,,,,,,,
-81.3105,,,,,,,,,,,,,,,,,,,,,
356.1124,-62.8926,,,,,,,,,,,,,,,,,,,,
-13.9428,-20.0391,-85.2290,414.5405,,,,,,,,,,,,,,,,,,
-94.8600,245.9106,2420.1792,-89.6219,,,,,,,,,,,,,,,,,,
47.1570,-39.3934,691.3050,80.3789,,,,,,,,,,,,,,,,,,
-59.7015,298.3835,-39.1329,,,,,,,,,,,,,,,,,,,
47.2523,-72.2221,1001.2347,-98.8401,-25.9561,2736.7362,-75.5421,119.7384,-92.7016,578.6501,-55.3232,270.2571,-76.3543,-3.8440,,,,,,,,
-79.3046,222.8499,-77.7842,-85.1859,85.7061,315.7953,17.6249,-68.8221,-55.3232,,,,,,,,,,,,,
-21.0493,49.1860,-55.3232,-93.1567,6810.8499,-98.7844,,,,,,,,,,,,,,,,
,,,,,,,,,,,,,,,,,,,,,
,,,,,,,,,,,,,,,,,,,,,
146.7491,-94.2590,37.0758,-42.3482,630.7633,-25.5180,-42.3361,-90.9973,-15.9938,,,,,,,,,,,,,
243.9674,-65.8991,279.7526,-96.8064,-15.9938,10622.1119,,,,,,,,,,,,,,,,
-15.9938,,,,,,,,,,,,,,,,,,,,,
-15.6640,-96.7057,78.7071,852.0897,,,,,,,,,,,,,,,,,,
,,,,,,,,,,,,,,,,,,,,,
-15.9938,,,,,,,,,,,,,,,,,,,,,
-31.3913,-89.9169,-15.9938,,,,,,,,,,,,,,,,,,,
-59.7851,-36.8132,,,,,,,,,,,,,,,,,,,,
68.1437,-98.8931,36.1218,73.2036,,,,,,,,,,,,,,,,,,
-15.9938,,,,,,,,,,,,,,,,,,,,,
-88.0845,5662.9836,,,,,,,,,,,,,,,,,,,,
-15.9938,,,,,,,,,,,,,,,,,,,,,
,,,,,,,,,,,,,,,,,,,,,
-43.3425,66.9596,,,,,,,,,,,,,,,,,,,,
-92.0408,-88.8474,354.1445,-73.6133,154.4938,34.0303,-59.6052,637.1519,172.3704,-90.6278,10.7512,-45.6109,,,,,,,,,,
-29.6904,-94.3165,2217.6009,,,,,,,,,,,,,,,,,,,
,,,,,,,,,,,,,,,,,,,,,
,,,,,,,,,,,,,,,,,,,,,
-71.2307,,,,,,,,,,,,,,,,,,,,,
,,,,,,,,,,,,,,,,,,,,,
-15.9938,,,,,,,,,,,,,,,,,,,,,
,,,,,,,,,,,,,,,,,,,,,
-81.3105,,,,,,,,,,,,,,,,,,,,,
2790.0129,-98.6250,257.0144,-98.0248,5100.6831,-78.5752,1632.4803,29.7234,0.0764,-45.6109,,,,,,,,,,,,
44.9400,,,,,,,,,,,,,,,,,,,,,
-17.2997,,,,,,,,,,,,,,,,,,,,,
,,,,,,,,,,,,,,,,,,,,,
,,,,,,,,,,,,,,,,,,,,,
,,,,,,,,,,,,,,,,,,,,,
,,,,,,,,,,,,,,,,,,,,,
,,,,,,,,,,,,,,,,,,,,,
,,,,,,,,,,,,,,,,,,,,,
-15.9938,,,,,,,,,,,,,,,,,,,,,
,,,,,,,,,,,,,,,,,,,,,
,,,,,,,,,,,,,,,,,,,,,
319.5180,-98.1965,609.1841,-73.8141,565.2724,354.2210,-94.9539,-55.3232,404.1266,-32.1489,140.9463,,,,,,,,,,,
-55.3232,,,,,,,,,,,,,,,,,,,,,
-99.3454,424.0128,1151.2748,-55.3232,,,,,,,,,,,,,,,,,,
-65.8421,-86.2504,2355.1703,-96.5784,,,,,,,,,,,,,,,,,,
-42.8623,71.9435,-47.5671,-76.6904,,,,,,,,,,,,,,,,,,
-15.9938,,,,,,,,,,,,,,,,,,,,,
-81.3105,-28.7119,,,,,,,,,,,,,,,,,,,,
558.9015,-98.8633,245.9106,149.0402,-36.9867,,,,,,,,,,,,,,,,,
241.5787,-91.1359,998.8937,,,,,,,,,,,,,,,,,,,
,,,,,,,,,,,,,,,,,,,,,
-55.3232,,,,,,,,,,,,,,,,,,,,,
,,,,,,,,,,,,,,,,,,,,,
-14.1505,,,,,,,,,,,,,,,,,,,,,
-15.9938,,,,,,,,,,,,,,,,,,,,,
,,,,,,,,,,,,,,,,,,,,,
,,,,,,,,,,,,,,,,,,,,,
-6.0782,8.1322,,,,,,,,,,,,,,,,,,,,
-91.5559,351.4633,,,,,,,,,,,,,,,,,,,,
-74.3341,-3.0020,268.5834,-95.2995,461.8536,-51.4073,,,,,,,,,,,,,,,,
-98.5327,137.0798,-39.1031,1578.0720,-69.5642,-90.1239,2263.9469,-86.9344,1428.0731,-97.3194,-3.0526,619.1726,-81.3105,,,,,,,,,
,,,,,,,,,,,,,,,,,,,,,
84.6906,-93.2399,5148.9964,-98.4525,-50.5022,3808.5201,-98.0642,136.3947,2079.9751,-16.2838,-92.2625,-66.9313,1148.5636,-74.5823,,,,,,,,
-87.2126,61.4364,12.0838,,,,,,,,,,,,,,,,,,,
-81.3105,,,,,,,,,,,,,,,,,,,,,
-71.5116,213.5685,,,,,,,,,,,,,,,,,,,,
-15.9938,,,,,,,,,,,,,,,,,,,,,
-15.9938,,,,,,,,,,,,,,,,,,,,,
-15.0170,,,,,,,,,,,,,,,,,,,,,
-98.8861,,,,,,,,,,,,,,,,,,,,,
398.9543,78.5378,-81.3105,,,,,,,,,,,,,,,,,,,
,,,,,,,,,,,,,,,,,,,,,
2813.1792,,,,,,,,,,,,,,,,,,,,,
-21.3576,-70.4581,1136.7251,-55.3232,,,,,,,,,,,,,,,,,,
,,,,,,,,,,,,,,,,,,,,,
-81.2870,-71.9978,109.4348,325.8259,-61.5827,,,,,,,,,,,,,,,,,
-20.2261,805.2086,-72.0302,,,,,,,,,,,,,,,,,,,
-41.7463,,,,,,,,,,,,,,,,,,,,,
-14.2433,-96.5609,1530.7025,-7.2546,-98.0753,5068.3875,,,,,,,,,,,,,,,,
,,,,,,,,,,,,,,,,,,,,,
-94.5387,4955.5752,,,,,,,,,,,,,,,,,,,,
-73.5598,236.4112,-61.7156,-59.2082,,,,,,,,,,,,,,,,,,
,,,,,,,,,,,,,,,,,,,,,
-55.3232,,,,,,,,,,,,,,,,,,,,,
,,,,,,,,,,,,,,,,,,,,,
-15.9938,,,,,,,,,,,,,,,,,,,,,
,,,,,,,,,,,,,,,,,,,,,
-15.9938,,,,,,,,,,,,,,,,,,,,,
-15.9938,,,,,,,,,,,,,,,,,,,,,
-15.9938,,,,,,,,,,,,,,,,,,,,,
,,,,,,,,,,,,,,,,,,,,,
-31.8266,,,,,,,,,,,,,,,,,,,,,
-52.5116,-93.6060,860.4973,-32.1552,65.7017,-46.4409,-76.1360,87.2845,-51.4073,,,,,,,,,,,,,
-15.9938,,,,,,,,,,,,,,,,,,,,,
-69.4168,1036.1990,-85.7915,66.6067,233.3600,,,,,,,,,,,,,,,,,
-98.7797,775.8116,-3.0020,-55.3232,,,,,,,,,,,,,,,,,,
-76.3262,-55.3232,-75.7631,-15.9938,,,,,,,,,,,,,,,,,,
742.7064,-71.3419,,,,,,,,,,,,,,,,,,,,
20.4372,-81.9962,-78.9936,594.6821,22.3755,,,,,,,,,,,,,,,,,
981.0677,-46.6810,,,,,,,,,,,,,,,,,,,,
-98.2625,34.5102,17.6357,-15.9938,,,,,,,,,,,,,,,,,,
-15.9938,,,,,,,,,,,,,,,,,,,,,
-96.5956,8009.9852,,,,,,,,,,,,,,,,,,,,
445.5934,-80.7535,,,,,,,,,,,,,,,,,,,,
-93.8329,-90.5471,-15.9938,,,,,,,,,,,,,,,,,,,
207.4209,,,,,,,,,,,,,,,,,,,,,
1673.9655,-98.8633,7234.7064,,,,,,,,,,,,,,,,,,,
-15.9938,,,,,,,,,,,,,,,,,,,,,
-9.5625,-33.9788,-65.2344,18.5979,-89.8505,,,,,,,,,,,,,,,,,
-15.9938,,,,,,,,,,,,,,,,,,,,,
-15.9938,,,,,,,,,,,,,,,,,,,,,
-88.0204,-0.4654,-60.7212,144.5393,-68.8221,123.3839,169.3905,,,,,,,,,,,,,,,
-97.8560,2780.8420,-55.3232,,,,,,,,,,,,,,,,,,,
-80.8389,143.0565,,,,,,,,,,,,,,,,,,,,
,,,,,,,,,,,,,,,,,,,,,
-97.6892,,,,,,,,,,,,,,,,,,,,,
-86.3752,,,,,,,,,,,,,,,,,,,,,
,,,,,,,,,,,,,,,,,,,,,
-98.0141,,,,,,,,,,,,,,,,,,,,,
,,,,,,,,,,,,,,,,,,,,,
-87.8942,-25.3673,1396.4106,261.7538,-98.2220,319.5180,411.5047,-95.1519,501.7319,53.8795,-97.5158,-61.2210,2372.1559,76.5563,-85.5651,,,,,,,
4.3216,-62.1912,-56.2071,66.6067,135.4608,,,,,,,,,,,,,,,,,
9.2256,-73.5764,,,,,,,,,,,,,,,,,,,,
349.4829,-62.6210,,,,,,,,,,,,,,,,,,,,
-15.9938,,,,,,,,,,,,,,,,,,,,,
-62.1697,-21.2018,7824.3733,-95.0537,1615.3627,193.7811,-69.4805,,,,,,,,,,,,,,,
-12.4439,,,,,,,,,,,,,,,,,,,,,
131.8437,17.8916,,,,,,,,,,,,,,,,,,,,
69.6898,-97.0945,-24.3393,85.7061,511.3483,-87.5288,123.3839,,,,,,,,,,,,,,,
,,,,,,,,,,,,,,,,,,,,,
,,,,,,,,,,,,,,,,,,,,,
-71.7845,-88.5770,249.2717,65.0628,24.4085,-42.8059,181.4595,-70.8940,,,,,,,,,,,,,,
-30.1316,95.0102,,,,,,,,,,,,,,,,,,,,
-15.9938,,,,,,,,,,,,,,,,,,,,,
-15.9938,,,,,,,,,,,,,,,,,,,,,
,,,,,,,,,,,,,,,,,,,,,
-90.7465,-54.3081,72.9553,508.9694,67.8072,-93.2368,215.1929,195.0174,-60.4753,-81.3105,,,,,,,,,,,,
,,,,,,,,,,,,,,,,,,,,,
,,,,,,,,,,,,,,,,,,,,,
-92.4092,,,,,,,,,,,,,,,,,,,,,
,,,,,,,,,,,,,,,,,,,,,
97.0156,-55.3232,-70.5471,557.7948,,,,,,,,,,,,,,,,,,
,,,,,,,,,,,,,,,,,,,,,
,,,,,,,,,,,,,,,,,,,,,
,,,,,,,,,,,,,,,,,,,,,
-15.9938,,,,,,,,,,,,,,,,,,,,,
-26.8730,-73.0980,,,,,,,,,,,,,,,,,,,,
6.5616,667.6164,,,,,,,,,,,,,,,,,,,,
41.6301,-81.3105,,,,,,,,,,,,,,,,,,,,
-24.8271,-64.2089,-3.0020,-55.3232,,,,,,,,,,,,,,,,,,
-97.4659,166.3732,,,,,,,,,,,,,,,,,,,,
-97.7992,-25.2721,,,,,,,,,,,,,,,,,,,,
-81.3105,,,,,,,,,,,,,,,,,,,,,
,,,,,,,,,,,,,,,,,,,,,
,,,,,,,,,,,,,,,,,,,,,
-15.9938,,,,,,,,,,,,,,,,,,,,,
,,,,,,,,,,,,,,,,,,,,,
,,,,,,,,,,,,,,,,,,,,,
581.1440,-89.7999,-71.7229,495.6904,5.5500,-71.5152,,,,,,,,,,,,,,,,
243.0270,781.1722,,,,,,,,,,,,,,,,,,,,
,,,,,,,,,,,,,,,,,,,,,
-55.3232,-87.9736,,,,,,,,,,,,,,,,,,,,
-79.9334,,,,,,,,,,,,,,,,,,,,,
-15.9938,,,,,,,,,,,,,,,,,,,,,
-28.9632,-88.9958,,,,,,,,,,,,,,,,,,,,
-81.3105,,,,,,,,,,,,,,,,,,,,,
,,,,,,,,,,,,,,,,,,,,,
5.1811,-8.6161,-13.5224,-45.5477,,,,,,,,,,,,,,,,,,
,,,,,,,,,,,,,,,,,,,,,
-25.7266,284.1246,,,,,,,,,,,,,,,,,,,,
-42.2826,315.2432,,,,,,,,,,,,,,,,,,,,
-1.8385,,,,,,,,,,,,,,,,,,,,,
,,,,,,,,,,,,,,,,,,,,,
78.8578,,,,,,,,,,,,,,,,,,,,,
,,,,,,,,,,,,,,,,,,,,,
-58.0747,1368.3130,-20.8223,-44.1032,1931.7780,,,,,,,,,,,,,,,,,
11.7489,,,,,,,,,,,,,,,,,,,,,
-88.7651,-97.8080,2082.3736,-96.1507,3273.2487,,,,,,,,,,,,,,,,,
6.4436,-8.1056,-77.7131,,,,,,,,,,,,,,,,,,,
11.6528,-89.9736,7633.2446,-99.0056,,,,,,,,,,,,,,,,,,
-15.9938,,,,,,,,,,,,,,,,,,,,,
167.4981,,,,,,,,,,,,,,,,,,,,,
,,,,,,,,,,,,,,,,,,,,,
-95.2338,5692.8466,,,,,,,,,,,,,,,,,,,,
-54.7112,,,,,,,,,,,,,,,,,,,,,
79.2191,-22.5573,-48.5759,-94.4464,-85.1859,53.9485,,,,,,,,,,,,,,,,
-67.5612,-97.3714,27.2469,145.7223,-92.9493,-15.9938,,,,,,,,,,,,,,,,
-4.3808,88.4792,66.6067,-70.7699,23.2971,-41.8012,246.2450,-13.0998,,,,,,,,,,,,,,
-61.7710,682.4104,,,,,,,,,,,,,,,,,,,,
565.2724,7.1227,-54.1152,-74.1474,180.9268,-51.4073,,,,,,,,,,,,,,,,
-15.9938,,,,,,,,,,,,,,,,,,,,,
-17.5948,-11.7218,40.4995,,,,,,,,,,,,,,,,,,,
29.1983,-89.9736,23.0295,82.2194,,,,,,,,,,,,,,,,,,
-97.2490,-40.2177,,,,,,,,,,,,,,,,,,,,
,,,,,,,,,,,,,,,,,,,,,
-95.0421,-28.9052,22.1908,1062.8872,,,,,,,,,,,,,,,,,,
228.0010,-55.6989,,,,,,,,,,,,,,,,,,,,
,,,,,,,,,,,,,,,,,,,,,
-81.3105,,,,,,,,,,,,,,,,,,,,,
,,,,,,,,,,,,,,,,,,,,,
-0.0847,20.2803,-96.1507,,,,,,,,,,,,,,,,,,,
,,,,,,,,,,,,,,,,,,,,,
-81.3105,,,,,,,,,,,,,,,,,,,,,
-34.4646,42.8091,59.3630,-80.3419,-69.7856,,,,,,,,,,,,,,,,,
-50.7351,,,,,,,,,,,,,,,,,,,,,
,,,,,,,,,,,,,,,,,,,,,
-84.5230,,,,,,,,,,,,,,,,,,,,,
-46.0621,74.4354,,,,,,,,,,,,,,,,,,,,
-79.7988,11.0711,270.0098,,,,,,,,,,,,,,,,,,,
-25.0862,30.8266,,,,,,,,,,,,,,,,,,,,
-83.7513,-3.9014,,,,,,,,,,,,,,,,,,,,
-15.9938,,,,,,,,,,,,,,,,,,,,,
,,,,,,,,,,,,,,,,,,,,,
,,,,,,,,,,,,,,,,,,,,,
-67.6005,1115.9142,,,,,,,,,,,,,,,,,,,,
-50.5022,71.8541,-87.4501,,,,,,,,,,,,,,,,,,,
-76.1337,270.6753,,,,,,,,,,,,,,,,,,,,
-67.3308,,,,,,,,,,,,,,,,,,,,,
-92.1098,1518.4475,97.2874,-99.3248,1695.3396,-81.3105,63.7499,,,,,,,,,,,,,,,
,,,,,,,,,,,,,,,,,,,,,
,,,,,,,,,,,,,,,,,,,,,
,,,,,,,,,,,,,,,,,,,,,
-96.1507,,,,,,,,,,,,,,,,,,,,,
-84.2818,-54.3081,3639.0192,,,,,,,,,,,,,,,,,,,
254.6357,-72.4627,326.1900,,,,,,,,,,,,,,,,,,,
-22.9721,-55.3232,,,,,,,,,,,,,,,,,,,,
-15.9938,,,,,,,,,,,,,,,,,,,,,
-15.9938,,,,,,,,,,,,,,,,,,,,,
-15.9938,,,,,,,,,,,,,,,,,,,,,
,,,,,,,,,,,,,,,,,,,,,
-15.9938,,,,,,,,,,,,,,,,,,,,,
66.6067,-98.2348,509.8258,49.2308,-99.0767,-15.9938,,,,,,,,,,,,,,,,
-15.9938,,,,,,,,,,,,,,,,,,,,,
-15.9938,,,,,,,,,,,,,,,,,,,,,
,,,,,,,,,,,,,,,,,,,,,
,,,,,,,,,,,,,,,,,,,,,
-31.1530,-94.8015,110.8280,,,,,,,,,,,,,,,,,,,
-96.7268,-30.1316,,,,,,,,,,,,,,,,,,,,
-85.0172,17.2233,169.4923,77.8298,5.5997,107.2235,,,,,,,,,,,,,,,,
-55.6485,372.5999,-84.7544,90.8703,-55.3232,-93.5368,2084.1599,418.9613,,,,,,,,,,,,,,
-81.3105,,,,,,,,,,,,,,,,,,,,,
-48.4301,-91.4328,6219.4690,,,,,,,,,,,,,,,,,,,
-93.7238,1769.3953,162.0880,-56.9606,1.0084,5.6629,,,,,,,,,,,,,,,,
,,,,,,,,,,,,,,,,,,,,,
-81.3105,,,,,,,,,,,,,,,,,,,,,
-94.2514,3651.3072,-99.8197,4476.3788,910.7513,-99.2803,1024.4162,,,,,,,,,,,,,,,
-78.9956,,,,,,,,,,,,,,,,,,,,,
,,,,,,,,,,,,,,,,,,,,,
-64.8177,,,,,,,,,,,,,,,,,,,,,
-98.5982,,,,,,,,,,,,,,,,,,,,,
-55.3232,,,,,,,,,,,,,,,,,,,,,
-15.9938,,,,,,,,,,,,,,,,,,,,,
,,,,,,,,,,,,,,,,,,,,,
,,,,,,,,,,,,,,,,,,,,,
44.6306,99.2688,,,,,,,,,,,,,,,,,,,,
,,,,,,,,,,,,,,,,,,,,,
,,,,,,,,,,,,,,,,,,,,,
473.7150,,,,,,,,,,,,,,,,,,,,,
-28.4914,36.1664,-66.9289,,,,,,,,,,,,,,,,,,,
-81.3105,,,,,,,,,,,,,,,,,,,,,
-90.2911,2743.7611,,,,,,,,,,,,,,,,,,,,
-92.4622,-26.4845,-58.4294,-55.3232,,,,,,,,,,,,,,,,,,
-0.2289,549.9459,-95.4071,-15.9938,,,,,,,,,,,,,,,,,,
-97.0457,-81.3105,,,,,,,,,,,,,,,,,,,,
-18.4163,,,,,,,,,,,,,,,,,,,,,
-98.6795,183.9659,,,,,,,,,,,,,,,,,,,,
58931.8522,,,,,,,,,,,,,,,,,,,,,
1891.9413,-92.9867,14.2041,-18.4163,,,,,,,,,,,,,,,,,,
-15.9938,,,,,,,,,,,,,,,,,,,,,
,,,,,,,,,,,,,,,,,,,,,
-89.7199,2585.7743,,,,,,,,,,,,,,,,,,,,
473.7150,,,,,,,,,,,,,,,,,,,,,
232.6362,,,,,,,,,,,,,,,,,,,,,
291.8957,64.9339,0.9796,-48.8495,-97.0617,3226.3621,436.1214,-93.5368,2082.3736,-94.2260,462.2081,,,,,,,,,,,
-15.9938,,,,,,,,,,,,,,,,,,,,,
63.5484,-97.3761,232.6362,101.6426,,,,,,,,,,,,,,,,,,
-81.3105,,,,,,,,,,,,,,,,,,,,,
-15.9938,,,,,,,,,,,,,,,,,,,,,
-14.8040,245.9106,-32.6223,-2.5705,-80.4854,,,,,,,,,,,,,,,,,
-55.5877,,,,,,,,,,,,,,,,,,,,,
227.0788,,,,,,,,,,,,,,,,,,,,,
,,,,,,,,,,,,,,,,,,,,,
26.2173,-97.9231,9800.5014,,,,,,,,,,,,,,,,,,,
5490.6792,-95.8019,-49.2312,319.1261,-54.6077,-77.6310,97.9913,109.7590,-73.2383,226.6390,-32.7858,-63.6257,-55.3232,-70.9158,,,,,,,,
-90.0115,759.7175,-63.3343,,,,,,,,,,,,,,,,,,,
-55.3232,,,,,,,,,,,,,,,,,,,,,
998.1691,-98.8633,,,,,,,,,,,,,,,,,,,,
-92.6032,226.8864,-82.2966,-15.9938,,,,,,,,,,,,,,,,,,
-15.9938,,,,,,,,,,,,,,,,,,,,,
40.1101,-78.3201,,,,,,,,,,,,,,,,,,,,
-63.4640,,,,,,,,,,,,,,,,,,,,,
-6.7111,8.7390,9.8282,-90.4019,,,,,,,,,,,,,,,,,,
,,,,,,,,,,,,,,,,,,,,,
-81.3105,,,,,,,,,,,,,,,,,,,,,
528.3545,,,,,,,,,,,,,,,,,,,,,
-95.7779,,,,,,,,,,,,,,,,,,,,,
-62.1679,-79.6306,-14.0383,98.9652,-76.3430,4099.1477,-55.3232,,,,,,,,,,,,,,,
,,,,,,,,,,,,,,,,,,,,,
-21.1434,25.2197,,,,,,,,,,,,,,,,,,,,
175.9854,-89.3788,,,,,,,,,,,,,,,,,,,,
,,,,,,,,,,,,,,,,,,,,,
-81.3105,,,,,,,,,,,,,,,,,,,,,
,,,,,,,,,,,,,,,,,,,,,
,,,,,,,,,,,,,,,,,,,,,
-43.7120,-95.7718,315.7953,248.6737,,,,,,,,,,,,,,,,,,
-90.0572,27.2469,-55.3232,-83.7116,7489.8096,,,,,,,,,,,,,,,,,
-4.0946,292.0320,-93.8459,-27.3967,,,,,,,,,,,,,,,,,,
-2.5372,293.6224,-92.3008,-96.2631,,,,,,,,,,,,,,,,,,
-15.9938,,,,,,,,,,,,,,,,,,,,,
,,,,,,,,,,,,,,,,,,,,,
-15.9938,,,,,,,,,,,,,,,,,,,,,
-81.3105,,,,,,,,,,,,,,,,,,,,,
-83.5029,,,,,,,,,,,,,,,,,,,,,
107.8789,21.9750,,,,,,,,,,,,,,,,,,,,
-15.9938,,,,,,,,,,,,,,,,,,,,,
,,,,,,,,,,,,,,,,,,,,,
,,,,,,,,,,,,,,,,,,,,,
-95.0103,,,,,,,,,,,,,,,,,,,,,
-19.3411,303.5623,-95.7298,,,,,,,,,,,,,,,,,,,
24.3145,-88.6107,-86.4616,-25.0992,7228.2353,-92.3976,456.0358,-94.6121,5679.7314,,,,,,,,,,,,,
,,,,,,,,,,,,,,,,,,,,,
,,,,,,,,,,,,,,,,,,,,,
,,,,,,,,,,,,,,,,,,,,,
30.3234,-80.1825,323.4232,-81.2059,-18.4163,,,,,,,,,,,,,,,,,
34.3890,-87.1885,366.8766,-73.3434,66.6067,-15.9069,50.0969,,,,,,,,,,,,,,,
,,,,,,,,,,,,,,,,,,,,,
54.5115,,,,,,,,,,,,,,,,,,,,,
-55.3232,58.6816,-96.1507,,,,,,,,,,,,,,,,,,,
-65.2294,-82.8655,591.8212,-39.1031,39.8393,721.7654,-84.0886,-83.6969,1628.2686,,,,,,,,,,,,,
,,,,,,,,,,,,,,,,,,,,,
-55.3232,-94.7337,-15.9938,,,,,,,,,,,,,,,,,,,
-81.3105,,,,,,,,,,,,,,,,,,,,,
-98.2658,200.6445,,,,,,,,,,,,,,,,,,,,
-96.7232,432.0176,,,,,,,,,,,,,,,,,,,,
355.1014,-70.0290,27.7968,,,,,,,,,,,,,,,,,,,
-39.4315,-79.0519,-96.1507,2794.2970,,,,,,,,,,,,,,,,,,
-93.3803,4112.9793,,,,,,,,,,,,,,,,,,,,
-81.3105,,,,,,,,,,,,,,,,,,,,,
-15.9938,,,,,,,,,,,,,,,,,,,,,
,,,,,,,,,,,,,,,,,,,,,
-93.2399,-16.4242,-77.3789,-51.9965,,,,,,,,,,,,,,,,,,
8.3712,,,,,,,,,,,,,,,,,,,,,
1096.6056,-97.8349,-25.2721,,,,,,,,,,,,,,,,,,,
-92.6817,,,,,,,,,,,,,,,,,,,,,
,,,,,,,,,,,,,,,,,,,,,
250.5317,-22.9837,,,,,,,,,,,,,,,,,,,,
2401.3919,,,,,,,,,,,,,,,,,,,,,
-81.3105,,,,,,,,,,,,,,,,,,,,,
-97.8310,-22.2063,406.7321,-89.3359,5414.0323,-55.3232,,,,,,,,,,,,,,,,
-15.9938,,,,,,,,,,,,,,,,,,,,,
-81.3105,158.4194,,,,,,,,,,,,,,,,,,,,
-5.2581,106.8829,-70.2899,-91.3004,339.0829,56.5052,469.6698,-97.2635,391.4446,-82.3732,-15.9938,237.3249,,,,,,,,,,
,,,,,,,,,,,,,,,,,,,,,
-55.3232,,,,,,,,,,,,,,,,,,,,,
,,,,,,,,,,,,,,,,,,,,,
-59.4382,-98.5836,,,,,,,,,,,,,,,,,,,,
-15.9938,,,,,,,,,,,,,,,,,,,,,
-28.5868,36.3235,,,,,,,,,,,,,,,,,,,,
-15.9938,,,,,,,,,,,,,,,,,,,,,
,,,,,,,,,,,,,,,,,,,,,
-43.5593,52.6890,,,,,,,,,,,,,,,,,,,,
50.6462,-89.0552,66.6067,-95.0620,845.5787,342.5262,-86.4654,-10.6464,16.3369,274.5691,-58.8831,,,,,,,,,,,
-15.9938,,,,,,,,,,,,,,,,,,,,,
,,,,,,,,,,,,,,,,,,,,,
-15.9938,,,,,,,,,,,,,,,,,,,,,
-96.9989,243.7482,,,,,,,,,,,,,,,,,,,,
-90.9719,-96.9539,,,,,,,,,,,,,,,,,,,,
473.7150,,,,,,,,,,,,,,,,,,,,,
-15.9938,,,,,,,,,,,,,,,,,,,,,
19.3080,-68.1609,-6.2348,-19.4280,,,,,,,,,,,,,,,,,,
,,,,,,,,,,,,,,,,,,,,,
-15.9938,,,,,,,,,,,,,,,,,,,,,
-55.3232,-84.9737,-81.3105,,,,,,,,,,,,,,,,,,,
-93.5919,,,,,,,,,,,,,,,,,,,,,
-96.1507,,,,,,,,,,,,,,,,,,,,,
-51.2158,468.4984,,,,,,,,,,,,,,,,,,,,
,,,,,,,,,,,,,,,,,,,,,
-96.9109,,,,,,,,,,,,,,,,,,,,,
-15.9938,,,,,,,,,,,,,,,,,,,,,
-15.9938,,,,,,,,,,,,,,,,,,,,,
16.5578,,,,,,,,,,,,,,,,,,,,,
,,,,,,,,,,,,,,,,,,,,,
129.4860,-98.7308,59.3784,1318.3681,-83.9913,-1.9923,993.2583,,,,,,,,,,,,,,,
,,,,,,,,,,,,,,,,,,,,,
-55.3232,,,,,,,,,,,,,,,,,,,,,
,,,,,,,,,,,,,,,,,,,,,
3512.7639,-90.9298,236.7382,,,,,,,,,,,,,,,,,,,
,,,,,,,,,,,,,,,,,,,,,
-76.7413,109.4213,-88.2592,-77.0827,1437.1043,1311.0883,,,,,,,,,,,,,,,,
2048.4526,-55.3232,,,,,,,,,,,,,,,,,,,,
-97.7992,4.6190,,,,,,,,,,,,,,,,,,,,
188.2694,-98.8633,3685.2376,,,,,,,,,,,,,,,,,,,
-93.3913,1517.3420,-73.2706,-30.5169,-92.5962,8670.4466,,,,,,,,,,,,,,,,
-81.3105,,,,,,,,,,,,,,,,,,,,,
-95.4834,317.6493,,,,,,,,,,,,,,,,,,,,
,,,,,,,,,,,,,,,,,,,,,
239.9738,-72.0444,-95.3645,16365.7487,-59.4664,,,,,,,,,,,,,,,,,
-65.9728,-81.6488,,,,,,,,,,,,,,,,,,,,
,,,,,,,,,,,,,,,,,,,,,
-43.8146,281.4877,-52.0587,,,,,,,,,,,,,,,,,,,
72.0303,-81.5363,889.3801,-55.3232,,,,,,,,,,,,,,,,,,
-27.0734,-38.5209,,,,,,,,,,,,,,,,,,,,
19.3080,-68.1609,-6.2348,-85.2443,351.5331,140.3901,,,,,,,,,,,,,,,,
,,,,,,,,,,,,,,,,,,,,,
-15.9938,,,,,,,,,,,,,,,,,,,,,
-75.4828,2651.3359,-83.0178,10.2589,,,,,,,,,,,,,,,,,,
,,,,,,,,,,,,,,,,,,,,,
-52.0116,,,,,,,,,,,,,,,,,,,,,
-81.3105,,,,,,,,,,,,,,,,,,,,,
87.9207,-80.0158,,,,,,,,,,,,,,,,,,,,
,,,,,,,,,,,,,,,,,,,,,
-42.1458,63.8926,,,,,,,,,,,,,,,,,,,,
-55.2445,-96.1507,,,,,,,,,,,,,,,,,,,,
66.6067,-96.3960,308.3655,86.4674,-99.5271,-15.9938,,,,,,,,,,,,,,,,
-95.2954,1173.0994,-55.3232,,,,,,,,,,,,,,,,,,,
-93.1650,292.0829,-68.8221,101.0455,-37.5228,-79.7227,,,,,,,,,,,,,,,,
-96.9751,-15.9938,,,,,,,,,,,,,,,,,,,,
-58.6092,483.8744,681.3393,-93.7928,-55.3232,79.1719,206.6590,,,,,,,,,,,,,,,
-30.4523,,,,,,,,,,,,,,,,,,,,,
-96.2829,203.0802,,,,,,,,,,,,,,,,,,,,
12.6093,-5.7605,-94.3307,,,,,,,,,,,,,,,,,,,
,,,,,,,,,,,,,,,,,,,,,
-68.5065,-88.2761,-64.4589,,,,,,,,,,,,,,,,,,,
-81.3105,,,,,,,,,,,,,,,,,,,,,
-15.9938,,,,,,,,,,,,,,,,,,,,,
,,,,,,,,,,,,,,,,,,,,,
964.9303,-35.7851,-82.9784,-40.9013,396.4913,22.7102,-78.0394,142.4515,190.0753,,,,,,,,,,,,,
,,,,,,,,,,,,,,,,,,,,,
-15.9938,,,,,,,,,,,,,,,,,,,,,
692.3013,,,,,,,,,,,,,,,,,,,,,
-15.9938,,,,,,,,,,,,,,,,,,,,,
,,,,,,,,,,,,,,,,,,,,,
128.8280,436.8693,-84.1208,2768.0157,-99.8771,2027.5522,4748.7751,-88.2715,-94.4821,-57.5844,525.4749,383.6011,-96.1507,675.2581,-32.0136,,,,,,,
-24.6746,345.7323,-66.9372,20.3450,51.5126,,,,,,,,,,,,,,,,,
-90.1001,,,,,,,,,,,,,,,,,,,,,
-15.9938,,,,,,,,,,,,,,,,,,,,,
-40.3255,-74.0549,54.7824,4130.2721,-96.1507,,,,,,,,,,,,,,,,,
458.3782,-66.2658,,,,,,,,,,,,,,,,,,,,
-96.1791,-2.1843,-72.1414,,,,,,,,,,,,,,,,,,,
103.2997,29.0346,,,,,,,,,,,,,,,,,,,,
,,,,,,,,,,,,,,,,,,,,,
-17.2758,-92.0942,83.1489,,,,,,,,,,,,,,,,,,,
,,,,,,,,,,,,,,,,,,,,,
,,,,,,,,,,,,,,,,,,,,,
72.0303,-89.4796,-90.9824,372.7894,805.6349,,,,,,,,,,,,,,,,,
-63.6527,-88.7888,403.0523,,,,,,,,,,,,,,,,,,,
-98.6476,490.9867,-90.1803,166.1090,241.3222,-19.4170,-47.8771,,,,,,,,,,,,,,,
-15.9938,,,,,,,,,,,,,,,,,,,,,
-44.8351,-90.8616,1995.6304,-89.9482,436.4635,42.8058,-38.1009,651.5114,,,,,,,,,,,,,,
-15.9938,-28.2998,,,,,,,,,,,,,,,,,,,,
,,,,,,,,,,,,,,,,,,,,,
,,,,,,,,,,,,,,,,,,,,,
40.2683,-43.5881,-92.7016,-15.9938,6102.0649,-86.4027,,,,,,,,,,,,,,,,
-52.3132,-19.8132,-96.1507,,,,,,,,,,,,,,,,,,,
-95.8390,6991.1669,-94.0588,27.6835,-12.7428,-15.9938,,,,,,,,,,,,,,,,
-95.0539,1514.2494,-34.0913,-44.6261,-83.2538,274.2157,282.7476,-94.6769,-55.3232,335.7620,-81.3105,574.6497,,,,,,,,,,
-99.8416,2205.6565,-27.2367,-63.6437,-55.3232,998.8937,,,,,,,,,,,,,,,,
-92.4359,67.5371,-80.2606,-37.4596,,,,,,,,,,,,,,,,,,
-98.1922,3680.7994,1791.3170,,,,,,,,,,,,,,,,,,,
-72.1969,220.8366,,,,,,,,,,,,,,,,,,,,
-15.9938,,,,,,,,,,,,,,,,,,,,,
-93.0220,664.0147,-96.7506,377.1434,-71.8533,52.0474,-78.6503,,,,,,,,,,,,,,,
-99.7564,273.3599,-16.6966,60.1435,305.0857,-59.3449,-90.3550,-15.9938,,,,,,,,,,,,,,
,,,,,,,,,,,,,,,,,,,,,
-93.3635,10.9908,435.6576,,,,,,,,,,,,,,,,,,,
-79.5174,-11.7765,51.0059,,,,,,,,,,,,,,,,,,,
-84.5035,192.1547,,,,,,,,,,,,,,,,,,,,
-50.6063,88.7641,,,,,,,,,,,,,,,,,,,,
-90.9742,2968.1480,,,,,,,,,,,,,,,,,,,,
-5.5072,-78.3201,,,,,,,,,,,,,,,,,,,,
,,,,,,,,,,,,,,,,,,,,,
,,,,,,,,,,,,,,,,,,,,,
-98.0349,57.2039,-56.6644,,,,,,,,,,,,,,,,,,,
-15.9938,,,,,,,,,,,,,,,,,,,,,
-94.1082,0.9210,-32.8475,-55.3232,287.7897,57.3190,1564.6738,-95.6695,,,,,,,,,,,,,,
,,,,,,,,,,,,,,,,,,,,,
,,,,,,,,,,,,,,,,,,,,,
,,,,,,,,,,,,,,,,,,,,,
232.6362,,,,,,,,,,,,,,,,,,,,,
,,,,,,,,,,,,,,,,,,,,,
,,,,,,,,,,,,,,,,,,,,,
,,,,,,,,,,,,,,,,,,,,,
11.9194,56.6225,,,,,,,,,,,,,,,,,,,,
-87.9975,-97.6368,-15.9938,4116.5609,,,,,,,,,,,,,,,,,,
1.8798,,,,,,,,,,,,,,,,,,,,,
-58.5144,,,,,,,,,,,,,,,,,,,,,
560.0346,,,,,,,,,,,,,,,,,,,,,
-77.9201,-82.9464,85.2435,,,,,,,,,,,,,,,,,,,
-15.9938,,,,,,,,,,,,,,,,,,,,,
-94.4121,,,,,,,,,,,,,,,,,,,,,
-15.9938,,,,,,,,,,,,,,,,,,,,,
794.7348,-97.5751,-89.2512,922.1735,-97.3086,2311.6126,-40.6081,1097.6893,-55.3232,,,,,,,,,,,,,
-15.9938,,,,,,,,,,,,,,,,,,,,,
,,,,,,,,,,,,,,,,,,,,,
,,,,,,,,,,,,,,,,,,,,,
586.6895,,,,,,,,,,,,,,,,,,,,,
,,,,,,,,,,,,,,,,,,,,,
-15.9938,,,,,,,,,,,,,,,,,,,,,
33.3306,-80.7227,,,,,,,,,,,,,,,,,,,,
36.7694,255.5192,-95.1528,-60.2950,,,,,,,,,,,,,,,,,,
,,,,,,,,,,,,,,,,,,,,,
-95.1800,-15.9938,,,,,,,,,,,,,,,,,,,,
,,,,,,,,,,,,,,,,,,,,,
-80.3606,,,,,,,,,,,,,,,,,,,,,
,,,,,,,,,,,,,,,,,,,,,
-15.9938,,,,,,,,,,,,,,,,,,,,,
-97.4677,3236.0776,62.1455,-76.6904,,,,,,,,,,,,,,,,,,
,,,,,,,,,,,,,,,,,,,,,
29.1711,-95.2519,316.3114,,,,,,,,,,,,,,,,,,,
19.9158,-80.7634,,,,,,,,,,,,,,,,,,,,
,,,,,,,,,,,,,,,,,,,,,
-53.8974,-99.6002,2733.7364,,,,,,,,,,,,,,,,,,,
129.1420,-85.8624,-95.9405,19623.2694,-55.3232,,,,,,,,,,,,,,,,,
-15.9938,,,,,,,,,,,,,,,,,,,,,
-66.7616,-82.1840,,,,,,,,,,,,,,,,,,,,
66.6067,-97.7284,84.7068,,,,,,,,,,,,,,,,,,,
223.6866,-91.2589,,,,,,,,,,,,,,,,,,,,
,,,,,,,,,,,,,,,,,,,,,
-51.4803,296.0900,,,,,,,,,,,,,,,,,,,,
-92.4509,-25.1735,844.4083,-55.3232,,,,,,,,,,,,,,,,,,
-96.9441,74.6709,,,,,,,,,,,,,,,,,,,,
,,,,,,,,,,,,,,,,,,,,,
,,,,,,,,,,,,,,,,,,,,,
371.0848,-63.2021,165.3182,15.4550,,,,,,,,,,,,,,,,,,
,,,,,,,,,,,,,,,,,,,,,
,,,,,,,,,,,,,,,,,,,,,
-90.2683,1.5215,,,,,,,,,,,,,,,,,,,,
-49.1493,-72.5980,344.2846,222.2069,-48.3736,219.7624,-52.1189,22.3413,-98.7753,574.6497,,,,,,,,,,,,
,,,,,,,,,,,,,,,,,,,,,
,,,,,,,,,,,,,,,,,,,,,
-97.8258,250.3246,,,,,,,,,,,,,,,,,,,,
-79.7980,-66.8339,,,,,,,,,,,,,,,,,,,,
,,,,,,,,,,,,,,,,,,,,,
232.6362,,,,,,,,,,,,,,,,,,,,,
,,,,,,,,,,,,,,,,,,,,,
-15.9938,,,,,,,,,,,,,,,,,,,,,
,,,,,,,,,,,,,,,,,,,,,
-53.3857,307.7126,-95.1912,99.2587,-23.2384,,,,,,,,,,,,,,,,,
-81.3105,21.6091,144.7511,,,,,,,,,,,,,,,,,,,
-96.9527,155.9546,-15.9938,,,,,,,,,,,,,,,,,,,
-15.9938,,,,,,,,,,,,,,,,,,,,,
-70.2577,-81.3105,,,,,,,,,,,,,,,,,,,,
-96.1507,520.2065,,,,,,,,,,,,,,,,,,,,
,,,,,,,,,,,,,,,,,,,,,
-28.2856,137.2465,33.0545,241.3222,-89.4453,1277.8607,-15.9938,,,,,,,,,,,,,,,
,,,,,,,,,,,,,,,,,,,,,
-28.9393,-98.3873,,,,,,,,,,,,,,,,,,,,
,,,,,,,,,,,,,,,,,,,,,
-94.7510,259.9097,,,,,,,,,,,,,,,,,,,,
,,,,,,,,,,,,,,,,,,,,,
-96.1507,,,,,,,,,,,,,,,,,,,,,
-30.8488,1425.9510,-86.9649,,,,,,,,,,,,,,,,,,,
66.4253,58.2596,,,,,,,,,,,,,,,,,,,,
-15.9938,,,,,,,,,,,,,,,,,,,,,
,,,,,,,,,,,,,,,,,,,,,
-30.2833,,,,,,,,,,,,,,,,,,,,,
-15.9938,,,,,,,,,,,,,,,,,,,,,
-50.9323,-40.2490,-7.5457,-78.8370,2216.6679,-73.3356,91.1404,-15.9938,396.1652,,,,,,,,,,,,,
,,,,,,,,,,,,,,,,,,,,,
,,,,,,,,,,,,,,,,,,,,,
-81.3105,104.0271,,,,,,,,,,,,,,,,,,,,
-15.9938,14.8531,,,,,,,,,,,,,,,,,,,,
,,,,,,,,,,,,,,,,,,,,,
-86.2587,-50.3273,260.2695,105.8162,-76.8623,,,,,,,,,,,,,,,,,
-96.1507,,,,,,,,,,,,,,,,,,,,,
-15.9938,,,,,,,,,,,,,,,,,,,,,
-63.3003,-97.0963,8225.6878,-89.4806,352.6575,-55.3232,5.2572,18.2850,27.0887,,,,,,,,,,,,,
-78.1276,,,,,,,,,,,,,,,,,,,,,
-29.7683,38.3024,,,,,,,,,,,,,,,,,,,,
-97.6169,161.9538,269.7669,510.8913,234.2796,,,,,,,,,,,,,,,,,
,,,,,,,,,,,,,,,,,,,,,
-85.7442,257.0755,-65.7654,-10.6464,-90.3053,461.8536,-6.5524,,,,,,,,,,,,,,,
-27.8937,41.0490,100.4663,-97.4006,66.3181,118.4462,210.0436,-97.6547,-15.9938,1923.9492,,,,,,,,,,,,
-81.7077,-79.8956,,,,,,,,,,,,,,,,,,,,
,,,,,,,,,,,,,,,,,,,,,
-96.6879,277.7199,-76.2171,-70.0344,147.9832,-98.1412,2869.4061,-79.4592,-55.3232,,,,,,,,,,,,,
473.7150,,,,,,,,,,,,,,,,,,,,,
-15.9938,,,,,,,,,,,,,,,,,,,,,
-87.9224,138.6275,,,,,,,,,,,,,,,,,,,,
-44.3654,-95.1009,4264.7473,-96.1507,,,,,,,,,,,,,,,,,,
-95.5497,-83.7491,,,,,,,,,,,,,,,,,,,,
-31.6505,,,,,,,,,,,,,,,,,,,,,
,,,,,,,,,,,,,,,,,,,,,
-15.9938,,,,,,,,,,,,,,,,,,,,,
-55.3232,,,,,,,,,,,,,,,,,,,,,
-75.3225,-57.9969,,,,,,,,,,,,,,,,,,,,
491.1537,-67.0999,,,,,,,,,,,,,,,,,,,,
,,,,,,,,,,,,,,,,,,,,,
-99.0568,2140.1593,-87.3239,,,,,,,,,,,,,,,,,,,
-18.4886,334.7602,-46.6058,-72.5112,1429.6941,,,,,,,,,,,,,,,,,
,,,,,,,,,,,,,,,,,,,,,
-55.3232,,,,,,,,,,,,,,,,,,,,,
-80.8952,,,,,,,,,,,,,,,,,,,,,
-67.2323,-93.8701,678.4992,243.0270,,,,,,,,,,,,,,,,,,
,,,,,,,,,,,,,,,,,,,,,
-85.8765,,,,,,,,,,,,,,,,,,,,,
-15.9938,,,,,,,,,,,,,,,,,,,,,
-21.3576,2.4920,-79.4498,,,,,,,,,,,,,,,,,,,
-79.0938,320.5140,,,,,,,,,,,,,,,,,,,,
,,,,,,,,,,,,,,,,,,,,,
-55.3232,-95.9710,-78.9985,,,,,,,,,,,,,,,,,,,
-55.3232,,,,,,,,,,,,,,,,,,,,,
-15.9938,,,,,,,,,,,,,,,,,,,,,
-28.2856,101.4599,-98.4744,773.3547,448.8432,-93.5181,140.9463,,,,,,,,,,,,,,,
,,,,,,,,,,,,,,,,,,,,,
-15.9938,,,,,,,,,,,,,,,,,,,,,
127.7986,-92.8704,41.1188,,,,,,,,,,,,,,,,,,,
-79.4093,-58.5374,21.0836,-75.3225,6342.4317,-95.7466,-33.3573,-95.0620,2973.1309,198.0106,-67.9612,271.4470,-97.9582,,,,,,,,,
,,,,,,,,,,,,,,,,,,,,,
,,,,,,,,,,,,,,,,,,,,,
453.8174,-98.6320,29789.5280,-97.8396,,,,,,,,,,,,,,,,,,
-52.3448,-57.9077,,,,,,,,,,,,,,,,,,,,
,,,,,,,,,,,,,,,,,,,,,
-50.3591,,,,,,,,,,,,,,,,,,,,,
-55.3232,,,,,,,,,,,,,,,,,,,,,
-93.5846,,,,,,,,,,,,,,,,,,,,,
-98.6730,291.2629,,,,,,,,,,,,,,,,,,,,
-61.5672,-96.2016,34.0303,-13.1288,532.4841,,,,,,,,,,,,,,,,,
473.7150,,,,,,,,,,,,,,,,,,,,,
13594.2022,9.4637,,,,,,,,,,,,,,,,,,,,
-36.4367,383.1824,-99.0124,18575.1803,-82.1674,-97.2118,731.5905,-91.2445,-55.3232,,,,,,,,,,,,,
-85.7307,507.4091,,,,,,,,,,,,,,,,,,,,
-77.8692,,,,,,,,,,,,,,,,,,,,,
2.0512,-99.6426,124.7414,-43.9315,,,,,,,,,,,,,,,,,,
,,,,,,,,,,,,,,,,,,,,,
-15.9938,,,,,,,,,,,,,,,,,,,,,
162.0064,-8.5261,,,,,,,,,,,,,,,,,,,,
,,,,,,,,,,,,,,,,,,,,,
,,,,,,,,,,,,,,,,,,,,,
-24.7000,-70.1212,339.7827,-50.2387,,,,,,,,,,,,,,,,,,
,,,,,,,,,,,,,,,,,,,,,
46.5515,-90.9050,66.6067,-92.5929,732.5688,63.6350,243.0270,-93.9406,-55.3232,442.9055,-27.9947,,,,,,,,,,,
-89.4048,-47.3378,194.1855,,,,,,,,,,,,,,,,,,,
-98.5982,,,,,,,,,,,,,,,,,,,,,
,,,,,,,,,,,,,,,,,,,,,
-15.9938,,,,,,,,,,,,,,,,,,,,,
,,,,,,,,,,,,,,,,,,,,,
,,,,,,,,,,,,,,,,,,,,,
-71.3576,,,,,,,,,,,,,,,,,,,,,
,,,,,,,,,,,,,,,,,,,,,
,,,,,,,,,,,,,,,,,,,,,
,,,,,,,,,,,,,,,,,,,,,
66.6067,,,,,,,,,,,,,,,,,,,,,
-89.5334,-16.5540,,,,,,,,,,,,,,,,,,,,
4.7958,,,,,,,,,,,,,,,,,,,,,
-38.0142,,,,,,,,,,,,,,,,,,,,,
-95.4171,5966.6902,,,,,,,,,,,,,,,,,,,,
-96.5471,97.8538,73.2866,-74.0131,14.5222,-25.5387,-79.3179,1809.5769,-96.1507,3148.7007,,,,,,,,,,,,
,,,,,,,,,,,,,,,,,,,,,
-81.3105,163.9177,,,,,,,,,,,,,,,,,,,,
-80.0197,,,,,,,,,,,,,,,,,,,,,
-81.9303,240.3033,-15.9938,,,,,,,,,,,,,,,,,,,
-96.6363,-24.9516,,,,,,,,,,,,,,,,,,,,
349.4829,-62.6210,,,,,,,,,,,,,,,,,,,,
-64.9926,473.2404,,,,,,,,,,,,,,,,,,,,
-96.1184,336.4912,78.7071,,,,,,,,,,,,,,,,,,,
-15.9938,,,,,,,,,,,,,,,,,,,,,
-74.0903,484.2039,-76.5511,66.6067,-97.7209,16613.5526,-93.0132,338.3123,-99.0415,,,,,,,,,,,,,
,,,,,,,,,,,,,,,,,,,,,
103.9549,4.6970,-98.9139,-39.1031,-75.2607,196.5736,-89.9653,-79.9084,,,,,,,,,,,,,,
-15.9938,,,,,,,,,,,,,,,,,,,,,
-89.5657,91.8681,-62.6573,-41.8419,,,,,,,,,,,,,,,,,,
144.3790,-46.6014,390.9968,,,,,,,,,,,,,,,,,,,
18.3902,,,,,,,,,,,,,,,,,,,,,
,,,,,,,,,,,,,,,,,,,,,
,,,,,,,,,,,,,,,,,,,,,
-36.5318,,,,,,,,,,,,,,,,,,,,,
,,,,,,,,,,,,,,,,,,,,,
,,,,,,,,,,,,,,,,,,,,,
,,,,,,,,,,,,,,,,,,,,,
,,,,,,,,,,,,,,,,,,,,,
-55.3232,,,,,,,,,,,,,,,,,,,,,
-45.0349,-76.1392,,,,,,,,,,,,,,,,,,,,
-50.2600,100.8550,-82.0639,-81.4802,2640.7646,,,,,,,,,,,,,,,,,
-15.9938,,,,,,,,,,,,,,,,,,,,,
,,,,,,,,,,,,,,,,,,,,,
-4.6420,-96.1507,,,,,,,,,,,,,,,,,,,,
-30.1316,-78.3934,-15.9938,,,,,,,,,,,,,,,,,,,
,,,,,,,,,,,,,,,,,,,,,
-97.7073,-55.3232,,,,,,,,,,,,,,,,,,,,
-15.9938,,,,,,,,,,,,,,,,,,,,,
,,,,,,,,,,,,,,,,,,,,,
-64.3000,,,,,,,,,,,,,,,,,,,,,
1437.4368,,,,,,,,,,,,,,,,,,,,,
-15.9938,,,,,,,,,,,,,,,,,,,,,
,,,,,,,,,,,,,,,,,,,,,
,,,,,,,,,,,,,,,,,,,,,
-15.9938,,,,,,,,,,,,,,,,,,,,,
,,,,,,,,,,,,,,,,,,,,,
64.0388,,,,,,,,,,,,,,,,,,,,,
-95.6767,,,,,,,,,,,,,,,,,,,,,
,,,,,,,,,,,,,,,,,,,,,
-15.9938,120.5179,,,,,,,,,,,,,,,,,,,,
-67.3103,291.9669,10.8568,-72.4321,-55.3232,1005.2005,-74.4752,229.1153,,,,,,,,,,,,,,
-15.9938,,,,,,,,,,,,,,,,,,,,,
,,,,,,,,,,,,,,,,,,,,,
,,,,,,,,,,,,,,,,,,,,,
,,,,,,,,,,,,,,,,,,,,,
-15.9938,-15.6688,,,,,,,,,,,,,,,,,,,,
-25.3131,-22.5423,,,,,,,,,,,,,,,,,,,,
184.4641,-86.3151,,,,,,,,,,,,,,,,,,,,
-86.4410,106.8957,297.9487,202.3771,,,,,,,,,,,,,,,,,,
6.0696,,,,,,,,,,,,,,,,,,,,,
-95.0606,1619.4350,-81.6671,,,,,,,,,,,,,,,,,,,
-37.9768,-10.5200,-26.4020,411.5343,-0.1148,785.8344,-97.5253,-93.8297,5258.2796,-97.1883,281.7407,-3.2003,43.1839,639.7739,-69.9548,-73.4390,,,,,,
-96.1507,,,,,,,,,,,,,,,,,,,,,
-15.9938,,,,,,,,,,,,,,,,,,,,,
-72.0731,,,,,,,,,,,,,,,,,,,,,
,,,,,,,,,,,,,,,,,,,,,
-92.2243,,,,,,,,,,,,,,,,,,,,,
-49.8133,645.2627,-42.8288,-68.1883,-55.3232,-41.8316,,,,,,,,,,,,,,,,
,,,,,,,,,,,,,,,,,,,,,
-69.0520,-71.5831,42.8058,90.1144,-87.7198,193.9751,65.7017,268.8658,-62.6210,,,,,,,,,,,,,
-87.9041,682.4154,-86.1868,51.5995,-93.8919,5522.0812,,,,,,,,,,,,,,,,
-85.8297,-77.3488,49.0525,-57.1216,,,,,,,,,,,,,,,,,,
-87.3787,-87.6341,194.0622,-54.4964,-2.1178,-55.3232,51.2380,67.8749,-80.7535,4034.7100,-94.5611,,,,,,,,,,,
,,,,,,,,,,,,,,,,,,,,,
510.0850,-99.9577,235.0758,-74.1474,6777.0881,-81.0662,-73.3245,16420.6959,,,,,,,,,,,,,,
-73.0747,629.3134,-96.2127,-73.1952,1368.3130,-95.2154,232.6362,503.8777,168.4559,-72.2347,,,,,,,,,,,,
,,,,,,,,,,,,,,,,,,,,,
-7.7984,9.8009,,,,,,,,,,,,,,,,,,,,
-96.9833,2703.4266,,,,,,,,,,,,,,,,,,,,
,,,,,,,,,,,,,,,,,,,,,
7.2630,-96.8903,37.0758,1820.9945,197.1130,-20.0343,112.9861,-75.0891,-96.2976,-96.8924,3677.0140,-81.9931,344.9123,-97.9389,1317.8940,,,,,,,
-85.2380,-91.2116,-55.3232,261.9370,-57.9969,,,,,,,,,,,,,,,,,
,,,,,,,,,,,,,,,,,,,,,
224.6265,-55.4327,155.6407,,,,,,,,,,,,,,,,,,,
-91.9562,,,,,,,,,,,,,,,,,,,,,
,,,,,,,,,,,,,,,,,,,,,
-55.3232,74.3048,-81.3105,,,,,,,,,,,,,,,,,,,
,,,,,,,,,,,,,,,,,,,,,
-15.9938,-10.1150,,,,,,,,,,,,,,,,,,,,
,,,,,,,,,,,,,,,,,,,,,
-78.6020,-34.7877,-90.1803,1157.6308,301.3007,,,,,,,,,,,,,,,,,
,,,,,,,,,,,,,,,,,,,,,
-15.9938,,,,,,,,,,,,,,,,,,,,,
-15.9938,,,,,,,,,,,,,,,,,,,,,
,,,,,,,,,,,,,,,,,,,,,
-92.6494,-57.5844,1463.6873,-97.7841,334.1763,,,,,,,,,,,,,,,,,
-15.9938,,,,,,,,,,,,,,,,,,,,,
-60.9980,,,,,,,,,,,,,,,,,,,,,
,,,,,,,,,,,,,,,,,,,,,
82.8894,36.9218,,,,,,,,,,,,,,,,,,,,
-48.6344,-10.9316,-45.9596,-49.6426,,,,,,,,,,,,,,,,,,
-56.7008,82.7677,307.6535,,,,,,,,,,,,,,,,,,,
-15.9938,,,,,,,,,,,,,,,,,,,,,
440.7313,-27.1705,-49.1571,,,,,,,,,,,,,,,,,,,
346.3946,-76.0488,,,,,,,,,,,,,,,,,,,,
-92.5102,3586.3569,,,,,,,,,,,,,,,,,,,,
,,,,,,,,,,,,,,,,,,,,,
-97.2440,-74.9987,,,,,,,,,,,,,,,,,,,,
-85.5486,3141.9062,,,,,,,,,,,,,,,,,,,,
495.6562,-67.2074,,,,,,,,,,,,,,,,,,,,
-53.9790,,,,,,,,,,,,,,,,,,,,,
,,,,,,,,,,,,,,,,,,,,,
-14.2437,265.6546,,,,,,,,,,,,,,,,,,,,
,,,,,,,,,,,,,,,,,,,,,
,,,,,,,,,,,,,,,,,,,,,
-55.3232,,,,,,,,,,,,,,,,,,,,,
,,,,,,,,,,,,,,,,,,,,,
-96.2919,,,,,,,,,,,,,,,,,,,,,
-15.9938,,,,,,,,,,,,,,,,,,,,,
-15.9938,,,,,,,,,,,,,,,,,,,,,
-92.0836,-5.4269,-55.3232,,,,,,,,,,,,,,,,,,,
,,,,,,,,,,,,,,,,,,,,,
,,,,,,,,,,,,,,,,,,,,,
-15.9938,,,,,,,,,,,,,,,,,,,,,
47.0569,,,,,,,,,,,,,,,,,,,,,
-81.3105,,,,,,,,,,,,,,,,,,,,,
-15.9938,,,,,,,,,,,,,,,,,,,,,
,,,,,,,,,,,,,,,,,,,,,
,,,,,,,,,,,,,,,,,,,,,
-96.4716,-57.9873,-15.9938,,,,,,,,,,,,,,,,,,,
-15.9938,,,,,,,,,,,,,,,,,,,,,
,,,,,,,,,,,,,,,,,,,,,
-74.8552,214.0876,,,,,,,,,,,,,,,,,,,,
-15.9938,,,,,,,,,,,,,,,,,,,,,
-76.3430,273.7902,123.9635,,,,,,,,,,,,,,,,,,,
,,,,,,,,,,,,,,,,,,,,,
-4.9790,-91.3966,-74.1474,-57.9969,,,,,,,,,,,,,,,,,,
-81.3105,,,,,,,,,,,,,,,,,,,,,
,,,,,,,,,,,,,,,,,,,,,
,,,,,,,,,,,,,,,,,,,,,
-33.7283,-52.8971,,,,,,,,,,,,,,,,,,,,
-48.3307,,,,,,,,,,,,,,,,,,,,,
-27.4366,-76.8642,34.0303,,,,,,,,,,,,,,,,,,,
,,,,,,,,,,,,,,,,,,,,,
-77.7259,-81.2554,-74.5506,-55.3232,-18.4163,,,,,,,,,,,,,,,,,
-15.9938,,,,,,,,,,,,,,,,,,,,,
-17.5659,1099.5380,-50.5022,-89.2431,612.4529,-31.6485,-73.7352,39.5044,-93.6062,-61.2210,5355.9341,-94.6110,1672.0186,,,,,,,,,
-17.3023,-67.1589,63.8096,-53.3461,,,,,,,,,,,,,,,,,,
-27.4366,-53.7284,-32.9848,-83.8421,169.6897,93.1249,,,,,,,,,,,,,,,,
,,,,,,,,,,,,,,,,,,,,,
-40.7755,-68.9206,-82.9694,-50.6374,845.5787,122.9783,203.0802,,,,,,,,,,,,,,,
-1.6970,-74.1508,,,,,,,,,,,,,,,,,,,,
-92.0986,259.3424,-73.5732,-90.1275,672.1573,685.5661,-95.9560,-15.9938,,,,,,,,,,,,,,
,,,,,,,,,,,,,,,,,,,,,
-97.3442,2155.2046,-55.3232,,,,,,,,,,,,,,,,,,,
,,,,,,,,,,,,,,,,,,,,,
-56.2215,66.6067,577.0488,,,,,,,,,,,,,,,,,,,
-22.6468,,,,,,,,,,,,,,,,,,,,,
,,,,,,,,,,,,,,,,,,,,,
-31.7006,-66.4926,19.8789,-31.3913,135.2185,-96.9134,1586.6243,,,,,,,,,,,,,,,
,,,,,,,,,,,,,,,,,,,,,
-99.7451,,,,,,,,,,,,,,,,,,,,,
3.6219,,,,,,,,,,,,,,,,,,,,,
,,,,,,,,,,,,,,,,,,,,,
-55.3232,,,,,,,,,,,,,,,,,,,,,
-15.9938,,,,,,,,,,,,,,,,,,,,,
-81.1258,2148.4188,,,,,,,,,,,,,,,,,,,,
,,,,,,,,,,,,,,,,,,,,,
-97.5546,-25.2721,,,,,,,,,,,,,,,,,,,,
413.5778,,,,,,,,,,,,,,,,,,,,,
-15.9938,,,,,,,,,,,,,,,,,,,,,
,,,,,,,,,,,,,,,,,,,,,
-77.6982,,,,,,,,,,,,,,,,,,,,,
,,,,,,,,,,,,,,,,,,,,,
-98.7303,183.9659,,,,,,,,,,,,,,,,,,,,
329.0298,-36.2870,-79.3585,-96.1507,,,,,,,,,,,,,,,,,,
,,,,,,,,,,,,,,,,,,,,,
66.6067,-97.8449,92.1044,22.5096,-88.6300,-80.6105,-15.9938,,,,,,,,,,,,,,,
-96.1507,,,,,,,,,,,,,,,,,,,,,
-15.9938,,,,,,,,,,,,,,,,,,,,,
,,,,,,,,,,,,,,,,,,,,,
-15.9938,,,,,,,,,,,,,,,,,,,,,
,,,,,,,,,,,,,,,,,,,,,
-97.7785,3043.4456,-66.9874,-69.5515,38.7112,5014.7214,,,,,,,,,,,,,,,,
-15.9938,,,,,,,,,,,,,,,,,,,,,
,,,,,,,,,,,,,,,,,,,,,
-69.3449,-91.7729,321.6871,,,,,,,,,,,,,,,,,,,
,,,,,,,,,,,,,,,,,,,,,
725.2350,-95.7791,-94.2561,257.7156,543.1909,-37.0651,27.9084,-94.2161,503.1365,-32.4959,64.4376,,,,,,,,,,,
-50.5022,,,,,,,,,,,,,,,,,,,,,
-71.5278,616.2209,-98.6561,1739.3036,-44.9813,-77.9070,4318.8685,-80.1897,189.6732,-78.8392,-73.2112,7.9689,-25.8599,,,,,,,,,
,,,,,,,,,,,,,,,,,,,,,
-15.9938,,,,,,,,,,,,,,,,,,,,,
-10.9138,-57.9634,-92.9810,66.6067,659.2408,216.9743,-87.7982,-29.7936,107.3064,,,,,,,,,,,,,
-69.4019,-25.7506,-48.3017,322.1871,-86.1101,,,,,,,,,,,,,,,,,
-39.0174,857.1752,,,,,,,,,,,,,,,,,,,,
703.4864,-83.0426,,,,,,,,,,,,,,,,,,,,
-66.7050,170.9979,,,,,,,,,,,,,,,,,,,,
,,,,,,,,,,,,,,,,,,,,,
-15.9938,,,,,,,,,,,,,,,,,,,,,
-99.7479,677.1643,-73.6473,3132.6866,-96.6007,,,,,,,,,,,,,,,,,
,,,,,,,,,,,,,,,,,,,,,
,,,,,,,,,,,,,,,,,,,,,
,,,,,,,,,,,,,,,,,,,,,
,,,,,,,,,,,,,,,,,,,,,
,,,,,,,,,,,,,,,,,,,,,
-95.5445,,,,,,,,,,,,,,,,,,,,,
6.7522,-2.6178,,,,,,,,,,,,,,,,,,,,
-63.7464,1733.2340,-50.5022,,,,,,,,,,,,,,,,,,,
74.6709,,,,,,,,,,,,,,,,,,,,,
712.8161,-91.7499,-4.7962,-95.6066,718.7968,139.5819,-97.6083,503.1365,-91.3825,1697.9315,203.4562,-91.2749,197.6396,,,,,,,,,
118.3203,-42.8321,,,,,,,,,,,,,,,,,,,,
-96.3245,,,,,,,,,,,,,,,,,,,,,
6.8138,,,,,,,,,,,,,,,,,,,,,
124.1999,-86.0388,,,,,,,,,,,,,,,,,,,,
-40.5452,-96.3778,937.9990,-78.5608,,,,,,,,,,,,,,,,,,
,,,,,,,,,,,,,,,,,,,,,
-94.2175,-57.7813,-33.8627,-15.9938,,,,,,,,,,,,,,,,,,
,,,,,,,,,,,,,,,,,,,,,
,,,,,,,,,,,,,,,,,,,,,
-96.1507,-69.5977,,,,,,,,,,,,,,,,,,,,
39.9268,272.1823,-97.8038,,,,,,,,,,,,,,,,,,,
3060.0440,41.5036,-96.9530,,,,,,,,,,,,,,,,,,,
-55.3232,-67.6796,,,,,,,,,,,,,,,,,,,,
145.1004,-10.7311,-97.4581,-15.9938,,,,,,,,,,,,,,,,,,
39.7368,42.9279,,,,,,,,,,,,,,,,,,,,
-98.0992,4625.9993,-49.6894,249.9062,,,,,,,,,,,,,,,,,,
-15.9938,,,,,,,,,,,,,,,,,,,,,
-15.9938,,,,,,,,,,,,,,,,,,,,,
1116.9822,-96.5999,2181.7464,-60.4075,,,,,,,,,,,,,,,,,,
-30.1316,135.8311,,,,,,,,,,,,,,,,,,,,
,,,,,,,,,,,,,,,,,,,,,
459.7847,-99.2796,361.2141,6.5696,611.6353,-74.3682,-88.1487,11134.8893,,,,,,,,,,,,,,
10.2505,-5.1148,,,,,,,,,,,,,,,,,,,,
,,,,,,,,,,,,,,,,,,,,,
,,,,,,,,,,,,,,,,,,,,,
-9.5535,-89.0552,-16.6966,40.0791,140.1305,,,,,,,,,,,,,,,,,
-15.9106,-72.2552,-82.6482,153.1684,-90.8755,461.8536,-43.9315,,,,,,,,,,,,,,,
-51.3618,0.4581,-55.3232,,,,,,,,,,,,,,,,,,,
-15.9938,,,,,,,,,,,,,,,,,,,,,
-46.3025,,,,,,,,,,,,,,,,,,,,,
349.4829,-62.6210,,,,,,,,,,,,,,,,,,,,
,,,,,,,,,,,,,,,,,,,,,
-15.9938,,,,,,,,,,,,,,,,,,,,,
,,,,,,,,,,,,,,,,,,,,,
15.0434,-34.2146,-97.3713,-57.9911,,,,,,,,,,,,,,,,,,
-93.3803,4112.9793,,,,,,,,,,,,,,,,,,,,
,,,,,,,,,,,,,,,,,,,,,
-15.9938,,,,,,,,,,,,,,,,,,,,,
,,,,,,,,,,,,,,,,,,,,,
-15.9938,,,,,,,,,,,,,,,,,,,,,
-99.1459,387.1218,-67.0405,461.2303,-51.0498,,,,,,,,,,,,,,,,,
,,,,,,,,,,,,,,,,,,,,,
,,,,,,,,,,,,,,,,,,,,,
-97.7992,19.5646,,,,,,,,,,,,,,,,,,,,
,,,,,,,,,,,,,,,,,,,,,
,,,,,,,,,,,,,,,,,,,,,
5.1753,-68.8814,155.4588,2450.1958,-74.7924,269.4380,37.5668,-63.7713,1243.7807,,,,,,,,,,,,,
-96.3556,-13.3288,,,,,,,,,,,,,,,,,,,,
-82.7021,14.2298,8070.9859,-48.0101,-99.4933,-75.3187,5337.0778,-86.3378,191.0567,113.0450,-90.7784,3637.9572,-61.8390,-15.9938,,,,,,,,
-76.9496,1.1521,287.2398,,,,,,,,,,,,,,,,,,,
-15.9938,,,,,,,,,,,,,,,,,,,,,
,,,,,,,,,,,,,,,,,,,,,
,,,,,,,,,,,,,,,,,,,,,
99.7268,-86.9023,935.3373,,,,,,,,,,,,,,,,,,,
-15.9938,,,,,,,,,,,,,,,,,,,,,
-81.3105,,,,,,,,,,,,,,,,,,,,,
-83.1260,448.3031,346.8012,114.3095,-50.5022,-68.9246,100.9483,-78.7835,239.6131,-95.4168,-71.9979,,,,,,,,,,,
-94.5101,-81.3105,,,,,,,,,,,,,,,,,,,,
,,,,,,,,,,,,,,,,,,,,,
,,,,,,,,,,,,,,,,,,,,,
,,,,,,,,,,,,,,,,,,,,,
-81.3105,-12.0274,,,,,,,,,,,,,,,,,,,,
-85.2870,,,,,,,,,,,,,,,,,,,,,
511.2967,-67.5682,,,,,,,,,,,,,,,,,,,,
,,,,,,,,,,,,,,,,,,,,,
,,,,,,,,,,,,,,,,,,,,,
-15.9938,,,,,,,,,,,,,,,,,,,,,
-59.4680,-85.7887,238.2388,-15.9938,,,,,,,,,,,,,,,,,,
-73.2498,,,,,,,,,,,,,,,,,,,,,
,,,,,,,,,,,,,,,,,,,,,
-52.9718,,,,,,,,,,,,,,,,,,,,,
,,,,,,,,,,,,,,,,,,,,,
-15.9938,,,,,,,,,,,,,,,,,,,,,
,,,,,,,,,,,,,,,,,,,,,
913.0915,,,,,,,,,,,,,,,,,,,,,
-63.5016,-25.1729,26.5842,,,,,,,,,,,,,,,,,,,
2.4735,-79.5611,101.7806,701.6555,-55.3232,,,,,,,,,,,,,,,,,
,,,,,,,,,,,,,,,,,,,,,
,,,,,,,,,,,,,,,,,,,,,
-16.8823,-59.3230,-35.4087,-97.8837,3682.3150,-36.1719,-80.8094,55.5240,46.2149,,,,,,,,,,,,,
232.6362,,,,,,,,,,,,,,,,,,,,,
3.4052,,,,,,,,,,,,,,,,,,,,,
,,,,,,,,,,,,,,,,,,,,,
-47.8441,-34.6472,14.4140,-66.5086,51.4607,21.4757,-88.4686,273.1489,-29.9713,753.3054,636.7841,-76.6904,,,,,,,,,,
-53.1159,,,,,,,,,,,,,,,,,,,,,
,,,,,,,,,,,,,,,,,,,,,
-91.9341,3323.0457,,,,,,,,,,,,,,,,,,,,
,,,,,,,,,,,,,,,,,,,,,
-80.3760,,,,,,,,,,,,,,,,,,,,,
-55.3232,-93.2431,4128.5000,-94.1726,,,,,,,,,,,,,,,,,,
-76.0276,269.1178,,,,,,,,,,,,,,,,,,,,
,,,,,,,,,,,,,,,,,,,,,
-84.4079,,,,,,,,,,,,,,,,,,,,,
,,,,,,,,,,,,,,,,,,,,,
-15.9938,,,,,,,,,,,,,,,,,,,,,
,,,,,,,,,,,,,,,,,,,,,
12.3463,-83.5281,86.6799,,,,,,,,,,,,,,,,,,,
473.7150,,,,,,,,,,,,,,,,,,,,,
-15.9938,,,,,,,,,,,,,,,,,,,,,
,,,,,,,,,,,,,,,,,,,,,
-52.1827,111.1915,,,,,,,,,,,,,,,,,,,,
57.7029,-91.3158,2600.3663,,,,,,,,,,,,,,,,,,,
,,,,,,,,,,,,,,,,,,,,,
-60.2610,,,,,,,,,,,,,,,,,,,,,
-15.9938,,,,,,,,,,,,,,,,,,,,,
,,,,,,,,,,,,,,,,,,,,,
,,,,,,,,,,,,,,,,,,,,,
,,,,,,,,,,,,,,,,,,,,,
141.2674,-61.3320,,,,,,,,,,,,,,,,,,,,
-81.3105,-21.4928,,,,,,,,,,,,,,,,,,,,
-92.2900,17012.2602,-41.0285,,,,,,,,,,,,,,,,,,,
-31.1667,-87.2213,3104.4971,-99.4168,,,,,,,,,,,,,,,,,,
-15.9938,-54.4156,,,,,,,,,,,,,,,,,,,,
-92.2336,21.3825,810.3599,-73.7756,,,,,,,,,,,,,,,,,,
,,,,,,,,,,,,,,,,,,,,,
-15.9938,,,,,,,,,,,,,,,,,,,,,
-81.3961,-77.8692,56.1798,,,,,,,,,,,,,,,,,,,
-65.6720,704.2961,,,,,,,,,,,,,,,,,,,,
-55.3232,79.1674,,,,,,,,,,,,,,,,,,,,
309.5289,-60.7976,,,,,,,,,,,,,,,,,,,,
319.5180,-26.9279,,,,,,,,,,,,,,,,,,,,
-16.0417,-90.4808,-68.1243,191.9372,509.8258,-97.6850,20139.4922,,,,,,,,,,,,,,,
31.3873,-17.3727,,,,,,,,,,,,,,,,,,,,
-81.3105,,,,,,,,,,,,,,,,,,,,,
-72.7697,-96.1680,1972.7619,-46.0407,-88.9771,523.5353,-86.5274,,,,,,,,,,,,,,,
-23.3624,-46.5262,134.5581,40.4575,,,,,,,,,,,,,,,,,,
-15.9938,,,,,,,,,,,,,,,,,,,,,
-98.7303,183.9659,,,,,,,,,,,,,,,,,,,,
,,,,,,,,,,,,,,,,,,,,,
,,,,,,,,,,,,,,,,,,,,,
,,,,,,,,,,,,,,,,,,,,,
2277.2686,-92.1197,-24.2697,266.0423,-73.2112,254.2170,,,,,,,,,,,,,,,,
-81.3105,,,,,,,,,,,,,,,,,,,,,
32.5773,-81.6550,66.6067,-29.9605,-14.9252,-56.1404,12.1371,72.2796,,,,,,,,,,,,,,
-44.3905,-82.4089,,,,,,,,,,,,,,,,,,,,
44.9122,-87.7490,2259.2674,,,,,,,,,,,,,,,,,,,
-53.6248,99.8340,554.4145,,,,,,,,,,,,,,,,,,,
-71.4144,-71.7229,145.7223,,,,,,,,,,,,,,,,,,,
,,,,,,,,,,,,,,,,,,,,,
-18.6343,82.2922,,,,,,,,,,,,,,,,,,,,
-15.9938,,,,,,,,,,,,,,,,,,,,,
,,,,,,,,,,,,,,,,,,,,,
,,,,,,,,,,,,,,,,,,,,,
-42.6285,-46.6928,1099.3212,-76.9246,66.6067,-81.5796,824.6815,,,,,,,,,,,,,,,
-4.0946,292.0320,-94.7251,-57.6481,,,,,,,,,,,,,,,,,,
-36.9867,,,,,,,,,,,,,,,,,,,,,
998.1691,-1.4849,-66.0772,447.9646,-80.3535,-35.1098,22.6283,30.7606,-80.3992,172.2092,2.9201,59.2365,-7.0957,-94.9392,0.5228,589.4038,-45.6109,,,,,
-89.5524,-63.4356,-74.1474,-57.9969,,,,,,,,,,,,,,,,,,
-15.9938,,,,,,,,,,,,,,,,,,,,,
308.4197,108.7564,,,,,,,,,,,,,,,,,,,,
-5.5072,-68.3139,,,,,,,,,,,,,,,,,,,,
,,,,,,,,,,,,,,,,,,,,,
-87.0937,,,,,,,,,,,,,,,,,,,,,
-81.3105,-79.0481,,,,,,,,,,,,,,,,,,,,
-81.3105,,,,,,,,,,,,,,,,,,,,,
-77.1315,-15.1687,-55.3232,910.2146,,,,,,,,,,,,,,,,,,
-27.6514,-82.9239,-15.9938,140.9463,,,,,,,,,,,,,,,,,,
278.0582,-62.6837,5.0914,-81.5213,77.2960,-93.4535,1541.9069,36.9221,-92.9493,26.0092,12268.5786,,,,,,,,,,,
-15.9938,,,,,,,,,,,,,,,,,,,,,
,,,,,,,,,,,,,,,,,,,,,
,,,,,,,,,,,,,,,,,,,,,
-15.9938,,,,,,,,,,,,,,,,,,,,,
-15.9938,31.2606,,,,,,,,,,,,,,,,,,,,
-81.3105,,,,,,,,,,,,,,,,,,,,,
-22.9721,-55.3232,,,,,,,,,,,,,,,,,,,,
-82.9038,245.9106,-80.0726,,,,,,,,,,,,,,,,,,,
-95.3598,-97.8393,,,,,,,,,,,,,,,,,,,,
,,,,,,,,,,,,,,,,,,,,,
-97.7991,565.2724,648.2832,-87.7476,-32.9848,245.7791,-15.9938,,,,,,,,,,,,,,,
-96.4596,829.5726,-68.3093,-64.6364,265.9598,,,,,,,,,,,,,,,,,
-96.8437,16.4473,-41.8012,-55.3232,,,,,,,,,,,,,,,,,,
-98.7995,246.5733,-85.1046,-15.9938,159.4807,,,,,,,,,,,,,,,,,
-15.9938,,,,,,,,,,,,,,,,,,,,,
,,,,,,,,,,,,,,,,,,,,,
-73.1909,155.8748,231.0198,,,,,,,,,,,,,,,,,,,
-15.9938,-87.9805,-18.4163,,,,,,,,,,,,,,,,,,,
,,,,,,,,,,,,,,,,,,,,,
-3.5435,245.2445,,,,,,,,,,,,,,,,,,,,
-59.3229,-28.2505,-51.9641,,,,,,,,,,,,,,,,,,,
,,,,,,,,,,,,,,,,,,,,,
-48.1813,490.0828,-94.3310,,,,,,,,,,,,,,,,,,,
-9.4887,158.7747,,,,,,,,,,,,,,,,,,,,
-47.7328,,,,,,,,,,,,,,,,,,,,,
-48.4968,81.7980,54.5686,,,,,,,,,,,,,,,,,,,
357.9193,-95.7984,10.4638,-63.4640,166.8099,123.5473,-95.4374,385.5299,-96.1507,,,,,,,,,,,,,
,,,,,,,,,,,,,,,,,,,,,
-15.9938,,,,,,,,,,,,,,,,,,,,,
-95.8381,1937.1566,298.2977,-96.1151,,,,,,,,,,,,,,,,,,
,,,,,,,,,,,,,,,,,,,,,
-15.9938,,,,,,,,,,,,,,,,,,,,,
-15.9938,,,,,,,,,,,,,,,,,,,,,
-81.3105,,,,,,,,,,,,,,,,,,,,,
-89.7699,42.8058,-62.9647,-68.4807,1431.8744,,,,,,,,,,,,,,,,,
4.1844,,,,,,,,,,,,,,,,,,,,,
,,,,,,,,,,,,,,,,,,,,,
-15.9938,,,,,,,,,,,,,,,,,,,,,
-15.9938,,,,,,,,,,,,,,,,,,,,,
-55.3232,-88.6501,-15.9938,,,,,,,,,,,,,,,,,,,
-55.3232,,,,,,,,,,,,,,,,,,,,,
,,,,,,,,,,,,,,,,,,,,,
-46.9463,,,,,,,,,,,,,,,,,,,,,
,,,,,,,,,,,,,,,,,,,,,
-95.4156,10.2733,206.4446,-91.7742,-15.9938,1672.0186,171.9456,,,,,,,,,,,,,,,
-15.9938,,,,,,,,,,,,,,,,,,,,,
,,,,,,,,,,,,,,,,,,,,,
-81.3105,-40.0767,,,,,,,,,,,,,,,,,,,,
,,,,,,,,,,,,,,,,,,,,,
,,,,,,,,,,,,,,,,,,,,,
-15.9938,,,,,,,,,,,,,,,,,,,,,
-87.4119,155.8242,-95.6912,152.0185,462.2081,,,,,,,,,,,,,,,,,
-81.3105,163.9177,,,,,,,,,,,,,,,,,,,,
-15.9938,,,,,,,,,,,,,,,,,,,,,
-99.1547,9824.5985,145.2665,-55.3232,,,,,,,,,,,,,,,,,,
-89.6693,-0.0032,-93.8607,930.4496,,,,,,,,,,,,,,,,,,
-52.6155,,,,,,,,,,,,,,,,,,,,,
-15.9938,-64.4921,,,,,,,,,,,,,,,,,,,,
-4.3808,-60.4867,-90.6660,204.9256,267.5777,,,,,,,,,,,,,,,,,
-35.9887,-28.2358,-55.4043,,,,,,,,,,,,,,,,,,,
-88.1715,628.8909,-46.9909,,,,,,,,,,,,,,,,,,,
,,,,,,,,,,,,,,,,,,,,,
-36.6935,-90.7796,628.5450,-95.7141,,,,,,,,,,,,,,,,,,
,,,,,,,,,,,,,,,,,,,,,
75.1581,227.0855,-87.2413,-35.9521,-69.2089,292.1858,-64.0348,-48.0344,,,,,,,,,,,,,,
-90.6355,,,,,,,,,,,,,,,,,,,,,
,,,,,,,,,,,,,,,,,,,,,
,,,,,,,,,,,,,,,,,,,,,
-40.0596,105.6137,108.6445,-99.3937,2871.2982,-51.9655,,,,,,,,,,,,,,,,
-15.9938,,,,,,,,,,,,,,,,,,,,,
,,,,,,,,,,,,,,,,,,,,,
246.7439,-57.0833,,,,,,,,,,,,,,,,,,,,
209.1185,-79.1223,-88.5413,773.3547,430.4278,-97.4367,-81.3105,,,,,,,,,,,,,,,
,,,,,,,,,,,,,,,,,,,,,
,,,,,,,,,,,,,,,,,,,,,
,,,,,,,,,,,,,,,,,,,,,
,,,,,,,,,,,,,,,,,,,,,
-15.9938,,,,,,,,,,,,,,,,,,,,,
-81.3105,,,,,,,,,,,,,,,,,,,,,
74.2962,-40.7112,,,,,,,,,,,,,,,,,,,,
166.0943,-26.9279,-98.9487,119.5479,157.8711,,,,,,,,,,,,,,,,,
-81.3105,,,,,,,,,,,,,,,,,,,,,
,,,,,,,,,,,,,,,,,,,,,
-15.9938,,,,,,,,,,,,,,,,,,,,,
-81.3105,,,,,,,,,,,,,,,,,,,,,
-15.9938,,,,,,,,,,,,,,,,,,,,,
-57.5026,-88.5770,,,,,,,,,,,,,,,,,,,,
54.3361,-95.3645,,,,,,,,,,,,,,,,,,,,
-15.9938,,,,,,,,,,,,,,,,,,,,,
,,,,,,,,,,,,,,,,,,,,,
,,,,,,,,,,,,,,,,,,,,,
-37.6307,390.1036,,,,,,,,,,,,,,,,,,,,
,,,,,,,,,,,,,,,,,,,,,
-15.9938,,,,,,,,,,,,,,,,,,,,,
-55.3232,,,,,,,,,,,,,,,,,,,,,
,,,,,,,,,,,,,,,,,,,,,
-91.1866,871.8545,,,,,,,,,,,,,,,,,,,,
11.7956,-85.7384,,,,,,,,,,,,,,,,,,,,
-57.0041,,,,,,,,,,,,,,,,,,,,,
-15.9938,,,,,,,,,,,,,,,,,,,,,
-15.9938,-59.8572,,,,,,,,,,,,,,,,,,,,
130.5574,,,,,,,,,,,,,,,,,,,,,
-66.2521,99.9022,887.9400,-85.4486,,,,,,,,,,,,,,,,,,
,,,,,,,,,,,,,,,,,,,,,
-15.9938,,,,,,,,,,,,,,,,,,,,,
1305.6017,-98.3872,117.8379,-65.6956,,,,,,,,,,,,,,,,,,
-15.9938,,,,,,,,,,,,,,,,,,,,,
47.0116,-84.8516,-55.3232,629.0446,-15.9938,,,,,,,,,,,,,,,,,
-55.3232,-92.8773,-15.9938,,,,,,,,,,,,,,,,,,,
87.7311,-51.4026,73.9853,,,,,,,,,,,,,,,,,,,
-15.9938,,,,,,,,,,,,,,,,,,,,,
,,,,,,,,,,,,,,,,,,,,,
-68.1510,2879.0053,-43.9750,-99.8164,11246.9450,-72.2706,-74.2726,373.6469,,,,,,,,,,,,,,
-99.2589,645.2627,537.8158,-96.7921,227.6297,208.9949,61.8433,-88.4521,-13.5064,,,,,,,,,,,,,
,,,,,,,,,,,,,,,,,,,,,
,,,,,,,,,,,,,,,,,,,,,
-24.0170,363.9479,130.0868,-16.8230,-96.9708,-85.1859,16520.6995,,,,,,,,,,,,,,,
-15.6301,8.1376,41.2874,-95.8002,216.1397,109.6051,65.1611,-41.2707,34.0303,-80.0920,,,,,,,,,,,,
-23.1104,-85.9409,-0.3885,136.3947,-92.1442,843.2231,192.2082,-72.8383,,,,,,,,,,,,,,
-68.4194,501.6104,-78.5389,-0.8985,-79.0823,-81.3105,,,,,,,,,,,,,,,,
49.4049,-67.1018,178.6502,-53.8023,1128.5073,-58.0334,-66.2284,-62.6456,-33.9636,-44.2370,143.9332,68.0355,38.8836,-21.8156,,,,,,,,
,,,,,,,,,,,,,,,,,,,,,
,,,,,,,,,,,,,,,,,,,,,
-74.5436,,,,,,,,,,,,,,,,,,,,,
-92.6300,,,,,,,,,,,,,,,,,,,,,
-15.9938,,,,,,,,,,,,,,,,,,,,,
-15.9938,,,,,,,,,,,,,,,,,,,,,
,,,,,,,,,,,,,,,,,,,,,
-15.7403,-75.1082,,,,,,,,,,,,,,,,,,,,
81.4379,-36.9867,-27.7740,-68.9768,-57.9969,,,,,,,,,,,,,,,,,
1737.8886,-98.0398,408.9876,-15.9938,,,,,,,,,,,,,,,,,,
-11.1308,55.5666,-65.4462,-77.4862,-70.5409,4113.3920,19.3937,-79.3549,-56.2694,,,,,,,,,,,,,
,,,,,,,,,,,,,,,,,,,,,
-2.5705,-98.7034,-36.1719,437.3354,10.0233,-83.5004,,,,,,,,,,,,,,,,
-15.9938,,,,,,,,,,,,,,,,,,,,,
,,,,,,,,,,,,,,,,,,,,,
,,,,,,,,,,,,,,,,,,,,,
,,,,,,,,,,,,,,,,,,,,,
,,,,,,,,,,,,,,,,,,,,,
-96.1507,,,,,,,,,,,,,,,,,,,,,
-98.5317,-51.2965,,,,,,,,,,,,,,,,,,,,
-15.9938,,,,,,,,,,,,,,,,,,,,,
,,,,,,,,,,,,,,,,,,,,,
-68.1269,-46.6928,985.2372,-72.6793,134.1842,-26.9279,-69.9984,,,,,,,,,,,,,,,
,,,,,,,,,,,,,,,,,,,,,
2.9841,287.8391,-95.1528,,,,,,,,,,,,,,,,,,,
-15.9938,,,,,,,,,,,,,,,,,,,,,
,,,,,,,,,,,,,,,,,,,,,
,,,,,,,,,,,,,,,,,,,,,
-81.3105,,,,,,,,,,,,,,,,,,,,,
33.0545,57.5333,,,,,,,,,,,,,,,,,,,,
-32.3452,-15.9822,,,,,,,,,,,,,,,,,,,,
,,,,,,,,,,,,,,,,,,,,,
-93.2337,-52.8384,16.6906,-90.1803,897.9086,295.5836,-39.2873,-80.9130,-55.3232,68.0422,-15.9938,,,,,,,,,,,
-96.1507,,,,,,,,,,,,,,,,,,,,,
,,,,,,,,,,,,,,,,,,,,,
-83.0380,-16.2315,-93.2733,207.4209,,,,,,,,,,,,,,,,,,
-47.2266,1.7975,-55.3232,-80.6105,-15.9938,,,,,,,,,,,,,,,,,
-92.8664,1233.7231,-55.3232,,,,,,,,,,,,,,,,,,,
,,,,,,,,,,,,,,,,,,,,,
-97.6353,,,,,,,,,,,,,,,,,,,,,
,,,,,,,,,,,,,,,,,,,,,
-75.4848,511.0877,-55.3232,-79.2256,19.8621,3055.9441,-93.3377,,,,,,,,,,,,,,,
,,,,,,,,,,,,,,,,,,,,,
246.7439,-57.0833,,,,,,,,,,,,,,,,,,,,
-93.9986,1626.3491,,,,,,,,,,,,,,,,,,,,
,,,,,,,,,,,,,,,,,,,,,
,,,,,,,,,,,,,,,,,,,,,
,,,,,,,,,,,,,,,,,,,,,
-71.7834,-84.3771,262.9382,6671.3924,-96.1507,,,,,,,,,,,,,,,,,
,,,,,,,,,,,,,,,,,,,,,
,,,,,,,,,,,,,,,,,,,,,
,,,,,,,,,,,,,,,,,,,,,
232.9854,262.8264,-32.0658,-99.9355,24182.4436,365.9150,-86.0112,349.4829,-75.4162,,,,,,,,,,,,,
,,,,,,,,,,,,,,,,,,,,,
,,,,,,,,,,,,,,,,,,,,,
-92.2643,1272.2902,-64.9972,-95.3700,4285.2233,,,,,,,,,,,,,,,,,
-81.3105,,,,,,,,,,,,,,,,,,,,,
,,,,,,,,,,,,,,,,,,,,,
-69.7333,-79.4571,-24.7429,-28.5172,30.8790,149.7127,-47.6694,392.2274,-51.0498,,,,,,,,,,,,,
,,,,,,,,,,,,,,,,,,,,,
,,,,,,,,,,,,,,,,,,,,,
,,,,,,,,,,,,,,,,,,,,,
-96.6786,158.5130,219.4630,,,,,,,,,,,,,,,,,,,
-95.9970,,,,,,,,,,,,,,,,,,,,,
-80.2814,1324.9783,,,,,,,,,,,,,,,,,,,,
-47.9412,-13.1381,,,,,,,,,,,,,,,,,,,,
,,,,,,,,,,,,,,,,,,,,,
-99.7168,1566.0672,-95.5558,164.3328,-59.2229,462.2081,,,,,,,,,,,,,,,,
-33.4728,8.4100,,,,,,,,,,,,,,,,,,,,
,,,,,,,,,,,,,,,,,,,,,
-96.3508,663.4814,-55.3232,,,,,,,,,,,,,,,,,,,
-39.6217,57.8225,-77.8076,,,,,,,,,,,,,,,,,,,
-15.9938,,,,,,,,,,,,,,,,,,,,,
414.8622,-64.9943,,,,,,,,,,,,,,,,,,,,
,,,,,,,,,,,,,,,,,,,,,
-15.9938,,,,,,,,,,,,,,,,,,,,,
12.3463,-77.8436,,,,,,,,,,,,,,,,,,,,
13.5361,,,,,,,,,,,,,,,,,,,,,
-45.9267,-74.6676,-45.4386,748.8588,-79.5900,481.9663,,,,,,,,,,,,,,,,
-15.9938,,,,,,,,,,,,,,,,,,,,,
-28.1595,,,,,,,,,,,,,,,,,,,,,
-15.9938,,,,,,,,,,,,,,,,,,,,,
-7.8378,,,,,,,,,,,,,,,,,,,,,
-13.5491,-90.4524,1017.8941,,,,,,,,,,,,,,,,,,,
-15.9938,-54.4156,,,,,,,,,,,,,,,,,,,,
-28.0861,,,,,,,,,,,,,,,,,,,,,
-50.7015,-83.0342,-83.9470,441.9958,,,,,,,,,,,,,,,,,,
,,,,,,,,,,,,,,,,,,,,,
-78.8478,-57.9969,,,,,,,,,,,,,,,,,,,,
-64.0414,152.3084,,,,,,,,,,,,,,,,,,,,
,,,,,,,,,,,,,,,,,,,,,
,,,,,,,,,,,,,,,,,,,,,
-15.9938,,,,,,,,,,,,,,,,,,,,,
-36.7245,-81.5363,,,,,,,,,,,,,,,,,,,,
99.7268,-88.4801,-14.6859,-96.8922,,,,,,,,,,,,,,,,,,
-81.3105,,,,,,,,,,,,,,,,,,,,,
,,,,,,,,,,,,,,,,,,,,,
,,,,,,,,,,,,,,,,,,,,,
31.5560,-17.4547,,,,,,,,,,,,,,,,,,,,
-15.9938,,,,,,,,,,,,,,,,,,,,,
-15.9938,,,,,,,,,,,,,,,,,,,,,
-81.3105,,,,,,,,,,,,,,,,,,,,,
48.4415,-79.6538,96.9956,-38.2522,,,,,,,,,,,,,,,,,,
-25.0862,3541.4740,-97.9470,,,,,,,,,,,,,,,,,,,
-68.0315,-58.6413,200.1486,-94.7086,,,,,,,,,,,,,,,,,,
-55.3232,,,,,,,,,,,,,,,,,,,,,
-88.3309,-9.2525,-15.9938,181.1041,,,,,,,,,,,,,,,,,,
-24.0170,37.4639,,,,,,,,,,,,,,,,,,,,
-97.3044,44.7274,2062.5606,,,,,,,,,,,,,,,,,,,
,,,,,,,,,,,,,,,,,,,,,
473.7150,,,,,,,,,,,,,,,,,,,,,
,,,,,,,,,,,,,,,,,,,,,
,,,,,,,,,,,,,,,,,,,,,
336.4912,-55.3232,,,,,,,,,,,,,,,,,,,,
-95.9020,14.9565,94.3745,-96.1507,,,,,,,,,,,,,,,,,,
,,,,,,,,,,,,,,,,,,,,,
74.7610,-96.4765,458.9470,,,,,,,,,,,,,,,,,,,
-95.2723,17.1312,-63.6437,-55.3232,910.2146,-72.8054,,,,,,,,,,,,,,,,
,,,,,,,,,,,,,,,,,,,,,
-15.9938,,,,,,,,,,,,,,,,,,,,,
-24.3693,,,,,,,,,,,,,,,,,,,,,
1.5798,192.1905,,,,,,,,,,,,,,,,,,,,
-15.9938,,,,,,,,,,,,,,,,,,,,,
-85.0734,-6.7092,-48.2158,1009.4514,-52.3152,,,,,,,,,,,,,,,,,
,,,,,,,,,,,,,,,,,,,,,
-81.3105,,,,,,,,,,,,,,,,,,,,,
,,,,,,,,,,,,,,,,,,,,,
,,,,,,,,,,,,,,,,,,,,,
-15.9938,,,,,,,,,,,,,,,,,,,,,
-69.8671,197.4747,,,,,,,,,,,,,,,,,,,,
-15.9938,,,,,,,,,,,,,,,,,,,,,
77.8516,-77.8910,-10.3896,203.4470,,,,,,,,,,,,,,,,,,
-91.4462,-81.8129,-55.3232,-61.2210,5901.5275,-96.1507,,,,,,,,,,,,,,,,
,,,,,,,,,,,,,,,,,,,,,
509.5722,-99.1041,245.9106,-55.3232,830.6952,172.7967,-69.2056,72.2796,,,,,,,,,,,,,,
-47.1705,-84.4221,164.6560,,,,,,,,,,,,,,,,,,,
,,,,,,,,,,,,,,,,,,,,,
-81.3105,,,,,,,,,,,,,,,,,,,,,
1448.2188,-75.8845,-77.0294,,,,,,,,,,,,,,,,,,,
,,,,,,,,,,,,,,,,,,,,,
593.3697,,,,,,,,,,,,,,,,,,,,,
,,,,,,,,,,,,,,,,,,,,,
15.4384,-98.3398,451.4369,162.3148,-84.3294,206.6590,,,,,,,,,,,,,,,,
-0.1149,2.7923,,,,,,,,,,,,,,,,,,,,
-81.3105,,,,,,,,,,,,,,,,,,,,,
-15.9938,,,,,,,,,,,,,,,,,,,,,
362.3870,-98.7561,,,,,,,,,,,,,,,,,,,,
-51.1971,-48.3017,-60.7969,90.8703,-55.3232,,,,,,,,,,,,,,,,,
,,,,,,,,,,,,,,,,,,,,,
-67.2323,399.6486,-85.6400,66.6067,-56.7521,,,,,,,,,,,,,,,,,
-50.5022,,,,,,,,,,,,,,,,,,,,,
,,,,,,,,,,,,,,,,,,,,,
-75.5965,-55.3232,262.7008,,,,,,,,,,,,,,,,,,,
8.7215,31.8036,-83.2350,-55.9833,-84.7758,70.2365,477.8537,-51.7942,72.4780,150.5530,-19.8919,-80.7806,,,,,,,,,,
,,,,,,,,,,,,,,,,,,,,,
-46.2825,-86.1636,448.0725,-91.5933,516.3119,,,,,,,,,,,,,,,,,
-88.1126,-75.1224,596.8019,860.1128,-44.2839,-70.0344,-11.7045,-65.5296,-96.6051,-98.1412,7384.3148,227.2025,-90.7025,-86.6056,56.3687,4193.3855,-83.1042,365.1240,,,,
-21.1142,165.1516,-92.3231,-78.5070,717.4683,66.6067,-36.5267,,,,,,,,,,,,,,,
,,,,,,,,,,,,,,,,,,,,,
-75.8554,-55.6871,243.0270,,,,,,,,,,,,,,,,,,,
279.2855,-88.7213,,,,,,,,,,,,,,,,,,,,
95.2299,-38.2812,,,,,,,,,,,,,,,,,,,,
-15.9938,,,,,,,,,,,,,,,,,,,,,
-10.1034,12.1371,-40.0767,,,,,,,,,,,,,,,,,,,
-22.9721,-55.3232,,,,,,,,,,,,,,,,,,,,
32.6499,,,,,,,,,,,,,,,,,,,,,
-7.0969,,,,,,,,,,,,,,,,,,,,,
10.4408,,,,,,,,,,,,,,,,,,,,,
130.3600,-44.8432,,,,,,,,,,,,,,,,,,,,
-80.2911,,,,,,,,,,,,,,,,,,,,,
,,,,,,,,,,,,,,,,,,,,,
-84.5490,-32.9848,-80.6105,-15.9938,,,,,,,,,,,,,,,,,,
-97.1428,174.9925,-15.9938,,,,,,,,,,,,,,,,,,,
63.0262,-82.9924,,,,,,,,,,,,,,,,,,,,
-15.9938,,,,,,,,,,,,,,,,,,,,,
,,,,,,,,,,,,,,,,,,,,,
-85.9537,516.7538,,,,,,,,,,,,,,,,,,,,
,,,,,,,,,,,,,,,,,,,,,
-97.5497,,,,,,,,,,,,,,,,,,,,,
138.3747,,,,,,,,,,,,,,,,,,,,,
-82.8542,-48.8978,-55.9757,931.6155,,,,,,,,,,,,,,,,,,
-36.6971,1899.0160,-81.4211,-1.5545,4132.1536,,,,,,,,,,,,,,,,,
-73.5598,236.4112,,,,,,,,,,,,,,,,,,,,
-15.9938,,,,,,,,,,,,,,,,,,,,,
-23.7869,144.3249,-93.1139,-51.2853,66.6067,-72.4893,1052.8282,209.2440,-97.8614,34.0303,2579.9561,-98.3792,743.3122,,,,,,,,,
-29.3889,-8.6161,-80.6131,128.6847,-78.6813,797.9685,-59.2082,,,,,,,,,,,,,,,
-61.2474,-85.1966,,,,,,,,,,,,,,,,,,,,
-28.4367,-99.5638,-15.9938,,,,,,,,,,,,,,,,,,,
203.0251,,,,,,,,,,,,,,,,,,,,,
-40.4224,-90.1341,249.3419,,,,,,,,,,,,,,,,,,,
699.0819,-97.2598,-17.7290,183.6736,-3.9478,-79.2147,-55.3232,449.4468,,,,,,,,,,,,,,
-38.8664,225.7014,-83.2022,-95.4891,23206.1205,-65.5437,134.2803,257.4142,223.5620,-51.1798,109.4514,-89.6208,,,,,,,,,,
-80.2858,344.8103,,,,,,,,,,,,,,,,,,,,
-92.0942,,,,,,,,,,,,,,,,,,,,,
332.3649,-65.5366,53.2753,66.6067,-90.1239,,,,,,,,,,,,,,,,,
