-98.9467,19130.1958,,,,,,,,,,,
3.019,,,,,,,,,,,,
,,,,,,,,,,,,
,,,,,,,,,,,,
,,,,,,,,,,,,
64.6365,,,,,,,,,,,,
651.9881,,,,,,,,,,,,
84.2039,-89.7164,877.3787,2.4312,52.9689,-98.6188,3163.4377,-72.6869,,,,,
,,,,,,,,,,,,
,,,,,,,,,,,,
-97.8272,-53.3367,69.6828,4985.0452,,,,,,,,,
,,,,,,,,,,,,
124.9259,-9.6193,-94.3552,,,,,,,,,,
108.8319,,,,,,,,,,,,
,,,,,,,,,,,,
64.6365,,,,,,,,,,,,
-44.3968,1.9277,15.6286,158.1183,,,,,,,,,
,,,,,,,,,,,,
,,,,,,,,,,,,
75.9677,-25.2248,-98.4803,-1.0256,,,,,,,,,
77.9404,,,,,,,,,,,,
-81.0175,-32.5136,2320.7253,,,,,,,,,,
-47.9677,630.8353,-96.5612,,,,,,,,,,
122.4145,-89.2173,243.0031,416.5231,,,,,,,,,
-41.523,1.7163,-32.4371,-97.4109,2728.4884,,,,,,,,
-90.8504,,,,,,,,,,,,
-81.7071,-56.1339,4227.876,,,,,,,,,,
,,,,,,,,,,,,
-16.5858,-88.1346,2573.0127,-39.5602,-60.0886,,,,,,,,
,,,,,,,,,,,,
-99.2558,2661.3703,,,,,,,,,,,
67.9292,-17.9834,-82.0696,-1.0256,,,,,,,,,
-61.6858,54.0686,-91.6447,467.8043,-92.3518,19642.4806,-76.6047,,,,,,
309.9243,,,,,,,,,,,,
8.9949,-88.7875,,,,,,,,,,,
73.0793,-18.2856,-76.1215,-87.6282,,,,,,,,,
,,,,,,,,,,,,
-87.1297,1267.6088,18.4635,-48.6166,-69.8773,-66.2973,1074.0624,-44.2891,-90.9046,,,,
90.8286,,,,,,,,,,,,
-71.1475,,,,,,,,,,,,
,,,,,,,,,,,,
92.5131,-89.8368,-96.6056,23676.3115,392.735,,,,,,,,
,,,,,,,,,,,,
46.9064,-75.798,722.2964,-4.5819,-7.3892,,,,,,,,
-57.3243,14.9746,-61.3969,325.5261,,,,,,,,,
24.7881,,,,,,,,,,,,
,,,,,,,,,,,,
71.4963,-94.0781,1854.4902,-99.415,,,,,,,,,
-6.7102,-79.3183,-23.4781,23.0422,1740.9903,-2.7348,-76.1567,,,,,,
-97.6389,1359.5958,123.1451,64.6073,13.405,-94.6063,113.0595,2558.6601,-78.7978,,,,
167.5863,-93.9872,1730.8227,23.7356,-42.3259,-97.9183,,,,,,,
,,,,,,,,,,,,
-43.595,,,,,,,,,,,,
,,,,,,,,,,,,
130.1082,-56.7327,-96.5721,3916.5387,-48.9478,,,,,,,,
64.6365,,,,,,,,,,,,
95.5937,-24.6607,-79.9469,-85.8608,,,,,,,,,
158.8766,-93.4008,,,,,,,,,,,
-77.3594,230.1405,403.107,,,,,,,,,,
-99.035,15223.5046,,,,,,,,,,,
-49.4459,803.2545,-74.0257,22.2871,,,,,,,,,
,,,,,,,,,,,,
,,,,,,,,,,,,
-98.6935,,,,,,,,,,,,
,,,,,,,,,,,,
133.5585,,,,,,,,,,,,
134.2328,-93.2729,-31.3994,,,,,,,,,,
,,,,,,,,,,,,
,,,,,,,,,,,,
,,,,,,,,,,,,
,,,,,,,,,,,,
-46.6666,-40.3156,,,,,,,,,,,
-99.7574,,,,,,,,,,,,
,,,,,,,,,,,,
,,,,,,,,,,,,
-84.2446,171.8893,,,,,,,,,,,
254.7022,,,,,,,,,,,,
353.8434,,,,,,,,,,,,
,,,,,,,,,,,,
56.4861,-19.1266,-61.3594,-90.1026,,,,,,,,,
64.6365,,,,,,,,,,,,
,,,,,,,,,,,,
-54.583,-34.2008,1063.7178,-47.4367,,,,,,,,,
,,,,,,,,,,,,
,,,,,,,,,,,,
,,,,,,,,,,,,
-98.5792,2987.0279,-84.7692,-91.0023,,,,,,,,,
-52.5602,-77.9096,,,,,,,,,,,
,,,,,,,,,,,,
-34.1454,,,,,,,,,,,,
,,,,,,,,,,,,
-96.5528,,,,,,,,,,,,
,,,,,,,,,,,,
,,,,,,,,,,,,
104.9144,,,,,,,,,,,,
,,,,,,,,,,,,
-36.9836,94.397,-84.2901,600.6259,,,,,,,,,
,,,,,,,,,,,,
-97.8367,20.1373,2996.0819,-90.4035,-27.6606,,,,,,,,
,,,,,,,,,,,,
,,,,,,,,,,,,
174.1441,-90.8787,1269.7348,193.0895,,,,,,,,,
,,,,,,,,,,,,
24.8692,-77.6478,-91.5389,,,,,,,,,,
,,,,,,,,,,,,
-92.2257,20774.0051,-99.2367,,,,,,,,,,
,,,,,,,,,,,,
,,,,,,,,,,,,
,,,,,,,,,,,,
,,,,,,,,,,,,
,,,,,,,,,,,,
149.02,-32.9694,,,,,,,,,,,
7.5794,,,,,,,,,,,,
-88.6797,1429.1829,4.3017,37.9263,,,,,,,,,
,,,,,,,,,,,,
23.0441,-87.6433,303.9351,-21.0287,97.9489,,,,,,,,
100.0966,-13.9128,-84.5609,-85.8608,,,,,,,,,
,,,,,,,,,,,,
-47.9745,382.8999,,,,,,,,,,,
,,,,,,,,,,,,
,,,,,,,,,,,,
4.5059,-34.1288,,,,,,,,,,,
233.3949,191.7559,,,,,,,,,,,
-99.6767,137.2194,281.4928,,,,,,,,,,
,,,,,,,,,,,,
,,,,,,,,,,,,
93.7151,,,,,,,,,,,,
457.38,19.7653,-74.3877,-83.5043,345.673,,,,,,,,
-95.9936,,,,,,,,,,,,
39.437,-8.635,-80.2197,-80.2051,,,,,,,,,
,,,,,,,,,,,,
,,,,,,,,,,,,
107.3252,-8.7653,28.3922,-67.8897,,,,,,,,,
-23.2973,472.5062,,,,,,,,,,,
269.2509,-45.566,-36.5153,150.8565,4.2587,35.3345,-94.6329,1431.1386,,,,,
,,,,,,,,,,,,
40.3716,44.2625,43.7669,,,,,,,,,,
,,,,,,,,,,,,
102.4664,-98.9925,,,,,,,,,,,
,,,,,,,,,,,,
,,,,,,,,,,,,
,,,,,,,,,,,,
233.3949,191.9191,,,,,,,,,,,
102.5037,-90.0932,,,,,,,,,,,
,,,,,,,,,,,,
-31.2873,,,,,,,,,,,,
-95.3512,,,,,,,,,,,,
,,,,,,,,,,,,
-81.7699,285.8785,,,,,,,,,,,
,,,,,,,,,,,,
,,,,,,,,,,,,
,,,,,,,,,,,,
155.9831,,,,,,,,,,,,
,,,,,,,,,,,,
64.6365,,,,,,,,,,,,
5.2625,-96.3966,,,,,,,,,,,
,,,,,,,,,,,,
,,,,,,,,,,,,
,,,,,,,,,,,,
,,,,,,,,,,,,
,,,,,,,,,,,,
,,,,,,,,,,,,
-35.6153,,,,,,,,,,,,
5.5311,174.9963,,,,,,,,,,,
,,,,,,,,,,,,
-35.1901,,,,,,,,,,,,
-97.7376,904.1347,,,,,,,,,,,
157.097,,,,,,,,,,,,
46.2156,-22.2809,-78.7241,-29.304,,,,,,,,,
224.9343,-26.5704,6.2694,-96.1657,641.2567,321.5495,,,,,,,
6.3365,-88.7875,,,,,,,,,,,
,,,,,,,,,,,,
39.3078,6.3421,125.0496,,,,,,,,,,
,,,,,,,,,,,,
2081.8583,-62.2305,-98.8606,36780.2519,,,,,,,,,
,,,,,,,,,,,,
,,,,,,,,,,,,
64.6365,,,,,,,,,,,,
225.407,,,,,,,,,,,,
,,,,,,,,,,,,
,,,,,,,,,,,,
,,,,,,,,,,,,
54.3941,,,,,,,,,,,,
,,,,,,,,,,,,
354.2434,,,,,,,,,,,,
5.3161,,,,,,,,,,,,
-21.5077,-83.284,392.1687,1387.7771,-73.39,,,,,,,,
,,,,,,,,,,,,
,,,,,,,,,,,,
,,,,,,,,,,,,
,,,,,,,,,,,,
-74.4305,-57.0291,2604.9225,,,,,,,,,,
,,,,,,,,,,,,
234.7074,193.2521,,,,,,,,,,,
-99.5231,1511.1309,,,,,,,,,,,
43.4787,102.6429,-5.342,104.2087,,,,,,,,,
,,,,,,,,,,,,
1.7643,,,,,,,,,,,,
-64.2572,209.5087,2.5102,-93.2492,181.9905,0.943,-93.6265,1087.6932,527.5842,,,,
,,,,,,,,,,,,
11.5758,-49.7806,-45.5562,174.198,656.8949,-81.7137,,,,,,,
,,,,,,,,,,,,
,,,,,,,,,,,,
-99.393,,,,,,,,,,,,
,,,,,,,,,,,,
-82.6606,,,,,,,,,,,,
-34.8314,,,,,,,,,,,,
-34.1653,-3.2828,-97.3006,607.1221,,,,,,,,,
102.0826,74.9873,352.4875,46.4664,,,,,,,,,
-97.5522,7574.7668,17.7846,-80.9074,-89.3039,-73.4656,,,,,,,
289.2995,,,,,,,,,,,,
-72.4762,545.5748,-0.3786,721.1954,,,,,,,,,
,,,,,,,,,,,,
201.1537,,,,,,,,,,,,
,,,,,,,,,,,,
,,,,,,,,,,,,
,,,,,,,,,,,,
-70.8459,492.0107,-5.5814,,,,,,,,,,
,,,,,,,,,,,,
,,,,,,,,,,,,
-95.6377,-23.9292,3661.6506,,,,,,,,,,
125.8523,-85.2303,196.3547,74.9023,-87.4671,57.9151,-50.5693,-19.9085,-25.7212,,,,
-32.4429,-15.4826,-9.4212,-93.0373,4121.6622,-60.1465,,,,,,,
-97.9727,9753.2992,-95.2584,189.3577,,,,,,,,,
-36.3312,-93.2744,1955.528,-59.165,,,,,,,,,
477.7572,,,,,,,,,,,,
,,,,,,,,,,,,
13.034,150.9285,-4.5819,-7.3892,,,,,,,,,
-56.7212,-2.819,1038.9672,,,,,,,,,,
200.5421,193.2521,,,,,,,,,,,
-1.1621,,,,,,,,,,,,
-55.8089,338.7278,9.6838,24.5286,-85.1049,-72.1517,,,,,,,
,,,,,,,,,,,,
,,,,,,,,,,,,
-69.876,,,,,,,,,,,,
-31.3024,,,,,,,,,,,,
,,,,,,,,,,,,
,,,,,,,,,,,,
-95.6418,72.142,,,,,,,,,,,
2.1881,226.2559,-3.1525,-9.0106,,,,,,,,,
,,,,,,,,,,,,
155.7353,-98.4939,71.5015,,,,,,,,,,
,,,,,,,,,,,,
784.8304,,,,,,,,,,,,
,,,,,,,,,,,,
,,,,,,,,,,,,
,,,,,,,,,,,,
,,,,,,,,,,,,
-31.027,-59.9542,,,,,,,,,,,
-42.1212,12.4555,546.0142,-99.6326,6541.6603,-97.0196,-2.3557,128.2125,961.378,,,,
161.7894,-26.9757,,,,,,,,,,,
,,,,,,,,,,,,
,,,,,,,,,,,,
-73.08,-88.4447,609.3019,1660.1685,-97.1344,2342.7918,,,,,,,
-46.4684,287.9059,-61.1916,180.7802,214.8493,,,,,,,,
-13.3492,,,,,,,,,,,,
124.5043,-33.4623,-42.3886,-95.6968,,,,,,,,,
50.1097,-88.6797,320.1788,264.4717,-80.6627,,,,,,,,
,,,,,,,,,,,,
,,,,,,,,,,,,
-76.4805,908.9211,27.9546,-64.4521,-26.4562,,,,,,,,
250.9291,,,,,,,,,,,,
,,,,,,,,,,,,
,,,,,,,,,,,,
282.6378,,,,,,,,,,,,
107.106,,,,,,,,,,,,
-94.8956,3319.0221,21.2642,36.3833,-97.389,,,,,,,,
,,,,,,,,,,,,
315.8913,239.9039,-98.4882,888.6132,-58.0115,19.2165,,,,,,,
,,,,,,,,,,,,
2609.7636,-85.5698,,,,,,,,,,,
,,,,,,,,,,,,
,,,,,,,,,,,,
172.7055,-86.9624,758.3621,-41.3917,,,,,,,,,
,,,,,,,,,,,,
-73.9261,706.4512,17.3825,-69.3991,105.5397,-81.5348,257.5456,91.4196,-87.4201,,,,
-35.9666,,,,,,,,,,,,
,,,,,,,,,,,,
66.9553,,,,,,,,,,,,
,,,,,,,,,,,,
-33.4237,-12.7416,,,,,,,,,,,
,,,,,,,,,,,,
-80.4347,62.1262,2551.3931,134.7652,-91.3682,,,,,,,,
123.3,-3.0921,,,,,,,,,,,
-52.8255,-26.1206,-6.1007,-47.2938,-64.138,2583.8857,-40.4663,,,,,,
-90.7973,82.5699,188.4946,,,,,,,,,,
75.2582,,,,,,,,,,,,
119.2514,-20.2605,-89.1343,31.2405,-90.5732,,,,,,,,
,,,,,,,,,,,,
50.4437,,,,,,,,,,,,
,,,,,,,,,,,,
-75.8875,2732.0442,-91.1624,-88.2827,,,,,,,,,
-80.5039,-42.295,197.2039,-71.3043,3306.8258,-99.1589,,,,,,,
,,,,,,,,,,,,
-90.7706,,,,,,,,,,,,
11.637,-71.6421,-68.271,,,,,,,,,,
,,,,,,,,,,,,
133.8467,-98.4263,4067.4876,-69.2306,-1.1387,-72.0077,-76.1567,,,,,,
,,,,,,,,,,,,
10.7435,,,,,,,,,,,,
-95.2279,6886.3766,191.1271,,,,,,,,,,
3.8046,-88.7875,,,,,,,,,,,
3.7722,7.0899,,,,,,,,,,,
26.5988,-77.2878,-44.2142,,,,,,,,,,
,,,,,,,,,,,,
56.4046,,,,,,,,,,,,
,,,,,,,,,,,,
,,,,,,,,,,,,
,,,,,,,,,,,,
-29.2372,1206.0748,-74.8176,,,,,,,,,,
,,,,,,,,,,,,
,,,,,,,,,,,,
,,,,,,,,,,,,
-23.47,-83.284,392.1687,1537.6251,-74.4028,,,,,,,,
,,,,,,,,,,,,
-98.7759,75.4645,15480.3537,,,,,,,,,,
,,,,,,,,,,,,
,,,,,,,,,,,,
96.1626,-29.7843,-82.1977,-85.8608,,,,,,,,,
,,,,,,,,,,,,
-60.364,,,,,,,,,,,,
-68.298,-91.1438,339.398,-30.9171,,,,,,,,,
,,,,,,,,,,,,
-95.2895,4025.9085,,,,,,,,,,,
241.2912,-29.6961,263.3295,,,,,,,,,,
,,,,,,,,,,,,
51.8076,-90.1147,367.3417,63.8451,-69.298,34.8109,-73.3028,,,,,,
-85.2388,97.2881,,,,,,,,,,,
8.788,-93.1876,,,,,,,,,,,
,,,,,,,,,,,,
,,,,,,,,,,,,
-12.7694,277.8964,,,,,,,,,,,
-73.4039,-89.628,1014.6173,987.0239,,,,,,,,,
25.377,,,,,,,,,,,,
,,,,,,,,,,,,
5.3161,,,,,,,,,,,,
,,,,,,,,,,,,
233.3949,191.9989,,,,,,,,,,,
59.8119,,,,,,,,,,,,
,,,,,,,,,,,,
-48.0119,1812.0553,,,,,,,,,,,
,,,,,,,,,,,,
291.3054,,,,,,,,,,,,
-92.1686,40.7808,204.6167,-7.1736,,,,,,,,,
-93.6505,,,,,,,,,,,,
,,,,,,,,,,,,
-63.6133,,,,,,,,,,,,
315.1038,,,,,,,,,,,,
,,,,,,,,,,,,
157.2577,,,,,,,,,,,,
-54.5031,183.5801,,,,,,,,,,,
51.0526,-83.5896,741.1615,5.2368,107.8409,,,,,,,,
169.3175,-37.7041,-81.9022,-98.1148,,,,,,,,,
,,,,,,,,,,,,
,,,,,,,,,,,,
-65.101,-4.7214,803.9155,,,,,,,,,,
,,,,,,,,,,,,
-34.1454,117.3343,,,,,,,,,,,
-95.2013,13.2557,,,,,,,,,,,
-70.1325,-91.6023,2554.1051,56.1454,,,,,,,,,
,,,,,,,,,,,,
,,,,,,,,,,,,
,,,,,,,,,,,,
64.6365,24.3951,41.6902,,,,,,,,,,
778.7987,-32.7168,,,,,,,,,,,
62.9901,,,,,,,,,,,,
,,,,,,,,,,,,
-98.0226,,,,,,,,,,,,
-46.0756,-86.6514,,,,,,,,,,,
-86.3274,420.2214,126.4469,150.6582,,,,,,,,,
205.1798,-63.0601,184.9185,-8.9578,-73.223,128.1415,,,,,,,
-96.4374,697.7813,-57.333,,,,,,,,,,
-52.3132,591.7957,,,,,,,,,,,
78.0762,,,,,,,,,,,,
-47.0251,-49.795,445.875,,,,,,,,,,
,,,,,,,,,,,,
,,,,,,,,,,,,
,,,,,,,,,,,,
,,,,,,,,,,,,
-67.4435,0.0171,22.544,229.3265,-74.7259,-14.5587,,,,,,,
,,,,,,,,,,,,
,,,,,,,,,,,,
,,,,,,,,,,,,
-76.0963,-47.3606,1039.674,3.2062,-49.9428,192.9329,,,,,,,
45.6399,189.8979,-72.9208,,,,,,,,,,
296.0174,,,,,,,,,,,,
-86.0558,225.8529,66.1332,62.5323,,,,,,,,,
-64.3054,,,,,,,,,,,,
76.4808,,,,,,,,,,,,
,,,,,,,,,,,,
105.5719,,,,,,,,,,,,
459.2932,-37.7691,-55.4194,-54.6851,166.8722,,,,,,,,
-91.5847,778.7987,-32.7168,,,,,,,,,,
,,,,,,,,,,,,
,,,,,,,,,,,,
125.7113,-2.2881,-99.4893,,,,,,,,,,
8.788,,,,,,,,,,,,
-91.8502,3452.002,-95.1537,,,,,,,,,,
72.2743,-7.5651,-0.3594,21.7095,254.5315,-78.4895,-9.0208,,,,,,
,,,,,,,,,,,,
20.3698,,,,,,,,,,,,
,,,,,,,,,,,,
,,,,,,,,,,,,
162.7641,-99.2719,16547.8965,-10.9934,,,,,,,,,
,,,,,,,,,,,,
,,,,,,,,,,,,
-62.6938,-79.9771,,,,,,,,,,,
7.9715,,,,,,,,,,,,
48.0065,-12.0895,-80.8283,-80.2051,,,,,,,,,
-71.0489,,,,,,,,,,,,
,,,,,,,,,,,,
113.7539,,,,,,,,,,,,
-91.1007,,,,,,,,,,,,
,,,,,,,,,,,,
-6.5872,3.908,22.1157,-87.4541,-87.4671,23538.1806,-84.1394,,,,,,
,,,,,,,,,,,,
,,,,,,,,,,,,
,,,,,,,,,,,,
,,,,,,,,,,,,
-49.0517,599.3515,,,,,,,,,,,
118.4679,24.5416,,,,,,,,,,,
,,,,,,,,,,,,
64.6365,,,,,,,,,,,,
29.3572,,,,,,,,,,,,
,,,,,,,,,,,,
169.2766,-24.4792,-97.7387,,,,,,,,,,
218.2462,,,,,,,,,,,,
,,,,,,,,,,,,
-94.6755,,,,,,,,,,,,
-81.0309,311.6037,,,,,,,,,,,
,,,,,,,,,,,,
-10.4205,-93.2007,,,,,,,,,,,
,,,,,,,,,,,,
,,,,,,,,,,,,
,,,,,,,,,,,,
,,,,,,,,,,,,
7.6714,53.88,-5.0599,-5.7253,17.1226,,,,,,,,
163.1968,-12.641,8.8839,121.326,,,,,,,,,
,,,,,,,,,,,,
-49.1646,8.8409,,,,,,,,,,,
,,,,,,,,,,,,
,,,,,,,,,,,,
233.3949,-62.8495,,,,,,,,,,,
-15.3583,-3.6665,73.9394,11.1345,-85.8158,-59.2112,,,,,,,
224.6641,-93.6346,1513.2315,25.9072,-99.4957,839.9683,171.6592,-66.6285,157.9178,,,,
59.5647,47.579,-42.6305,-10.8388,,,,,,,,,
91.5482,-82.5986,241.4213,-74.8842,1333.8332,,,,,,,,
,,,,,,,,,,,,
26.8854,-94.1995,2085.5774,8.2882,-97.291,21.3056,-18.409,,,,,,
,,,,,,,,,,,,
,,,,,,,,,,,,
,,,,,,,,,,,,
,,,,,,,,,,,,
,,,,,,,,,,,,
240.5838,,,,,,,,,,,,
,,,,,,,,,,,,
,,,,,,,,,,,,
,,,,,,,,,,,,
,,,,,,,,,,,,
,,,,,,,,,,,,
-35.5452,77.6899,,,,,,,,,,,
-84.2446,171.8893,,,,,,,,,,,
-63.3813,457.8151,178.8581,,,,,,,,,,
1.7643,-87.0171,,,,,,,,,,,
5.494,17.7653,3.1298,140.6472,,,,,,,,,
,,,,,,,,,,,,
-92.689,2421.0728,-98.8813,,,,,,,,,,
347.7371,-36.0566,-12.6511,-95.8634,271.1541,290.5772,-8.715,,,,,,
-60.0481,277.7669,-72.5366,-24.2817,-89.2966,26420.2524,-49.725,-94.739,,,,,
,,,,,,,,,,,,
,,,,,,,,,,,,
,,,,,,,,,,,,
-76.5671,-77.5093,4183.8187,,,,,,,,,,
,,,,,,,,,,,,
,,,,,,,,,,,,
,,,,,,,,,,,,
,,,,,,,,,,,,
,,,,,,,,,,,,
,,,,,,,,,,,,
145.458,-75.8599,,,,,,,,,,,
-98.6893,904.1347,2083.2745,,,,,,,,,,
,,,,,,,,,,,,
361.8734,,,,,,,,,,,,
,,,,,,,,,,,,
,,,,,,,,,,,,
10.6413,33.7623,,,,,,,,,,,
79.3786,-84.7037,1719.5835,70.4346,,,,,,,,,
,,,,,,,,,,,,
-5.6579,2141.5516,-97.3361,,,,,,,,,,
,,,,,,,,,,,,
,,,,,,,,,,,,
-54.8489,126.82,217.922,-42.9002,-56.4622,,,,,,,,
,,,,,,,,,,,,
64.6365,,,,,,,,,,,,
,,,,,,,,,,,,
1.9461,,,,,,,,,,,,
249.5269,,,,,,,,,,,,
,,,,,,,,,,,,
-2.6485,-43.4391,,,,,,,,,,,
-43.2052,,,,,,,,,,,,
,,,,,,,,,,,,
29.1545,,,,,,,,,,,,
,,,,,,,,,,,,
-64.4785,,,,,,,,,,,,
-86.0308,0.2654,2301.9712,,,,,,,,,,
-59.2969,35.8725,,,,,,,,,,,
,,,,,,,,,,,,
64.6365,,,,,,,,,,,,
52.0943,-14.4487,-47.3398,,,,,,,,,,
,,,,,,,,,,,,
,,,,,,,,,,,,
-82.8323,-34.1214,,,,,,,,,,,
-34.8818,-19.5442,-95.2556,186.1196,67.3558,1387.8062,-31.3871,,,,,,
,,,,,,,,,,,,
-91.5347,1104.7984,92.9063,465.2076,,,,,,,,,
,,,,,,,,,,,,
43.619,,,,,,,,,,,,
,,,,,,,,,,,,
,,,,,,,,,,,,
,,,,,,,,,,,,
-49.4759,-46.2757,-8.1561,-95.587,81.6974,3399.1455,-66.3034,-60.6577,2668.9425,,,,
,,,,,,,,,,,,
-98.0699,7808.9056,,,,,,,,,,,
-12.7964,178.4338,-74.0053,374.9567,14.854,-97.9181,,,,,,,
,,,,,,,,,,,,
,,,,,,,,,,,,
-62.6938,-79.9771,,,,,,,,,,,
-99.3807,1657.5974,,,,,,,,,,,
241.2912,-17.9788,280.631,,,,,,,,,,
,,,,,,,,,,,,
,,,,,,,,,,,,
-44.5391,23.3482,41.6042,286.4934,-94.2917,20.8305,197.7366,-88.9954,1136.8278,-71.9739,286.6448,,
-98.2009,1661.0936,469.0358,-95.0715,,,,,,,,,
-98.9145,,,,,,,,,,,,
-53.5619,246.8455,,,,,,,,,,,
108.3596,-96.3634,1237.7121,252.2508,-95.5161,-79.9771,,,,,,,
,,,,,,,,,,,,
-93.0851,2806.8901,193.2521,,,,,,,,,,
,,,,,,,,,,,,
23.5767,230.3776,,,,,,,,,,,
3.1596,171.9775,-96.4057,4502.1743,,,,,,,,,
246.4737,,,,,,,,,,,,
64.6365,,,,,,,,,,,,
,,,,,,,,,,,,
,,,,,,,,,,,,
46.4296,-84.2175,751.9976,1.3572,117.2294,,,,,,,,
,,,,,,,,,,,,
,,,,,,,,,,,,
-19.8422,,,,,,,,,,,,
-84.5178,1275.3028,-61.7584,-78.3277,,,,,,,,,
-72.3792,778.7987,-32.7168,,,,,,,,,,
-95.3415,-71.7195,3414.4713,,,,,,,,,,
26.3489,,,,,,,,,,,,
-41.7888,8.544,299.1476,,,,,,,,,,
-41.9952,127.9348,-1.4336,-72.4133,-86.3484,,,,,,,,
19.3237,-82.2314,290.166,-72.6119,-80.2051,,,,,,,,
-59.7999,191.4256,,,,,,,,,,,
-91.0324,-55.0091,3818.1704,262.0638,-25.4468,,,,,,,,
,,,,,,,,,,,,
,,,,,,,,,,,,
-77.6621,2907.8986,,,,,,,,,,,
220.4887,-90.1555,2350.5043,-96.3776,3516.9717,,,,,,,,
-77.9657,,,,,,,,,,,,
,,,,,,,,,,,,
-3.2181,-88.2535,,,,,,,,,,,
-66.2028,,,,,,,,,,,,
10.7435,534.3267,,,,,,,,,,,
,,,,,,,,,,,,
233.3949,,,,,,,,,,,,
,,,,,,,,,,,,
-87.5519,,,,,,,,,,,,
-47.153,10.3351,,,,,,,,,,,
,,,,,,,,,,,,
1.503,-88.2535,,,,,,,,,,,
108.8825,-86.1703,855.7393,2.7316,-96.2407,898.8129,-14.0336,-44.0153,703.216,,,,
,,,,,,,,,,,,
,,,,,,,,,,,,
-69.4144,478.5687,1.7202,,,,,,,,,,
140.0307,-93.2514,-48.5495,,,,,,,,,,
-62.6938,-79.9771,,,,,,,,,,,
,,,,,,,,,,,,
3.9197,-88.5267,,,,,,,,,,,
,,,,,,,,,,,,
-99.3236,46.4664,,,,,,,,,,,
64.6365,,,,,,,,,,,,
-98.4289,1531.7188,,,,,,,,,,,
,,,,,,,,,,,,
-79.4652,116.1927,,,,,,,,,,,
57.2781,28.5126,-99.0988,7556.5269,98.948,,,,,,,,
-80.9056,286.5902,-10.2783,-79.2219,-74.6509,1221.6206,226.1767,-56.9582,-66.589,385.6855,-55.543,-85.8483,
,,,,,,,,,,,,
,,,,,,,,,,,,
,,,,,,,,,,,,
20.3698,,,,,,,,,,,,
105.2402,,,,,,,,,,,,
,,,,,,,,,,,,
67.954,,,,,,,,,,,,
-72.7434,60.7827,66.1546,,,,,,,,,,
92.8331,-95.3793,1362.2764,392.7426,,,,,,,,,
,,,,,,,,,,,,
,,,,,,,,,,,,
,,,,,,,,,,,,
,,,,,,,,,,,,
227.3267,2.6212,-29.355,,,,,,,,,,
-86.8747,519.0733,-64.7308,,,,,,,,,,
795.7545,,,,,,,,,,,,
-96.4216,5385.6989,-97.809,1113.731,,,,,,,,,
,,,,,,,,,,,,
,,,,,,,,,,,,
,,,,,,,,,,,,
,,,,,,,,,,,,
,,,,,,,,,,,,
,,,,,,,,,,,,
,,,,,,,,,,,,
,,,,,,,,,,,,
,,,,,,,,,,,,
-4.1416,-20.8205,,,,,,,,,,,
218.4475,2912.404,,,,,,,,,,,
-90.1273,718.362,5.9265,-86.5522,-93.4017,,,,,,,,
-43.4972,-81.0295,1873.4068,,,,,,,,,,
-36.6172,3269.5475,-99.8739,476.691,-89.8856,552.3534,368.1957,-94.5753,4312.108,,,,
,,,,,,,,,,,,
-61.8019,-22.8624,293.1947,-1.3694,,,,,,,,,
-97.5048,759.9204,-90.956,-54.3575,2933.9577,-29.7808,105.642,,,,,,
-71.0489,,,,,,,,,,,,
80.1682,-21.1371,-83.6032,-1.0256,,,,,,,,,
,,,,,,,,,,,,
,,,,,,,,,,,,
-13.9128,38.9653,,,,,,,,,,,
,,,,,,,,,,,,
,,,,,,,,,,,,
123.209,-24.0219,-88.9134,,,,,,,,,,
213.3585,-82.1798,,,,,,,,,,,
21.6683,,,,,,,,,,,,
-31.9526,145.9102,,,,,,,,,,,
,,,,,,,,,,,,
64.6365,,,,,,,,,,,,
,,,,,,,,,,,,
-93.5284,147.6699,42.0622,,,,,,,,,,
101.1157,-98.9324,,,,,,,,,,,
48.8117,-50.2142,146.7417,,,,,,,,,,
,,,,,,,,,,,,
,,,,,,,,,,,,
,,,,,,,,,,,,
,,,,,,,,,,,,
82.7734,-90.2938,898.3536,123.3454,,,,,,,,,
-47.1037,-17.1432,4393.0674,,,,,,,,,,
113.8207,,,,,,,,,,,,
112.4341,136.8771,,,,,,,,,,,
,,,,,,,,,,,,
236.8677,194.7637,,,,,,,,,,,
125.3427,-78.3657,72.3497,139.4189,213.3095,-93.0268,,,,,,,
,,,,,,,,,,,,
27.3189,-79.8317,450.52,390.2779,,,,,,,,,
,,,,,,,,,,,,
,,,,,,,,,,,,
-36.8059,,,,,,,,,,,,
-95.4358,,,,,,,,,,,,
,,,,,,,,,,,,
,,,,,,,,,,,,
,,,,,,,,,,,,
54.4164,,,,,,,,,,,,
238.7722,,,,,,,,,,,,
,,,,,,,,,,,,
-46.0109,-65.6997,,,,,,,,,,,
67.7138,-8.3423,,,,,,,,,,,
113.7817,-34.9727,-76.1374,-89.0028,,,,,,,,,
64.6365,,,,,,,,,,,,
-32.1213,-71.4207,11.7518,,,,,,,,,,
,,,,,,,,,,,,
-71.0489,,,,,,,,,,,,
,,,,,,,,,,,,
,,,,,,,,,,,,
,,,,,,,,,,,,
,,,,,,,,,,,,
,,,,,,,,,,,,
-79.3571,127.8521,-76.8583,-54.1533,,,,,,,,,
-19.4002,231.1855,,,,,,,,,,,
20.5103,,,,,,,,,,,,
35.9271,35.0953,479.7802,-35.7011,,,,,,,,,
132.0779,-97.0006,2112.37,,,,,,,,,,
52.0943,538.2251,-92.7843,65.5708,2974.327,,,,,,,,
-54.0479,-11.6867,663.8322,-36.1278,-93.6291,583.9697,,,,,,,
67.508,-83.9575,-92.7869,8726.9556,390.0295,,,,,,,,
,,,,,,,,,,,,
,,,,,,,,,,,,
,,,,,,,,,,,,
-90.2493,-5.5191,3535.4159,,,,,,,,,,
157.7774,-95.5353,1350.9031,-30.4743,-83.2438,-79.9771,,,,,,,
-93.9093,,,,,,,,,,,,
,,,,,,,,,,,,
157.348,20.6559,-1.7935,,,,,,,,,,
-40.5057,11.7308,-6.8886,6.4084,273.4102,,,,,,,,
,,,,,,,,,,,,
97.626,-94.1972,1916.9276,193.4519,,,,,,,,,
-44.3559,95.2006,-95.1455,,,,,,,,,,
327.6948,69.7859,,,,,,,,,,,
-4.7895,56.2542,,,,,,,,,,,
0.7296,79.6301,3.1744,-25.4768,-96.0477,,,,,,,,
136.446,34.3062,13.5486,-7.8181,,,,,,,,,
-27.808,-72.1828,423.0945,,,,,,,,,,
-42.2336,13.3465,-64.9459,79.7479,0.1144,-41.4134,128.2125,59.2067,,,,,
-98.0596,10928.977,-93.8274,,,,,,,,,,
,,,,,,,,,,,,
2.5793,96.9057,1.9203,,,,,,,,,,
-91.9327,538.8433,70.6151,,,,,,,,,,
-38.0713,226.9951,-30.0697,,,,,,,,,,
,,,,,,,,,,,,
254.7549,,,,,,,,,,,,
,,,,,,,,,,,,
106.1951,,,,,,,,,,,,
-20.5203,-66.5782,243.0031,-68.846,-40.6153,,,,,,,,
-47.1715,10.6513,-83.6909,1913.9137,,,,,,,,,
-95.0193,6651.4866,191.9989,,,,,,,,,,
-8.074,5.7443,-42.8346,-22.5957,-59.1258,67.3558,,,,,,,
-99.6563,137.2194,233.8062,,,,,,,,,,
-42.313,248.7198,10.2412,-63.1663,,,,,,,,,
-0.5322,,,,,,,,,,,,
-19.8877,,,,,,,,,,,,
,,,,,,,,,,,,
-99.4255,1511.1309,,,,,,,,,,,
89.4872,,,,,,,,,,,,
-16.3098,,,,,,,,,,,,
,,,,,,,,,,,,
,,,,,,,,,,,,
-70.9422,379.3955,-2.0328,-94.3993,147.4361,,,,,,,,
25.2424,33.7207,-19.7027,-92.5197,1029.3748,483.4047,-94.9134,632.3322,,,,,
24.8108,,,,,,,,,,,,
-74.544,61.7015,,,,,,,,,,,
-51.1963,11.0309,-82.6086,276.3643,52.8979,-51.3789,,,,,,,
,,,,,,,,,,,,
,,,,,,,,,,,,
-45.1545,,,,,,,,,,,,
,,,,,,,,,,,,
,,,,,,,,,,,,
-98.7112,1657.5974,,,,,,,,,,,
,,,,,,,,,,,,
,,,,,,,,,,,,
,,,,,,,,,,,,
-97.0413,-51.9156,53748.8061,-92.4374,66.809,,,,,,,,
,,,,,,,,,,,,
-90.8535,16.9764,1018.0346,6.6099,-68.8533,,,,,,,,
12.1304,7.8583,29.0791,,,,,,,,,,
28.7972,,,,,,,,,,,,
-78.6769,296.6293,,,,,,,,,,,
,,,,,,,,,,,,
200.3754,-91.9469,,,,,,,,,,,
169.5376,,,,,,,,,,,,
64.6365,,,,,,,,,,,,
,,,,,,,,,,,,
50.5557,-24.2599,121.2026,1.3078,-91.0989,-85.8608,,,,,,,
31.7661,-79.7357,609.935,,,,,,,,,,
-26.8609,-94.2417,1043.5684,-26.6003,,,,,,,,,
,,,,,,,,,,,,
,,,,,,,,,,,,
,,,,,,,,,,,,
,,,,,,,,,,,,
,,,,,,,,,,,,
9.4151,-92.0832,2027.9799,88.0986,,,,,,,,,
-90.9343,778.7987,-32.7168,,,,,,,,,,
216.6086,,,,,,,,,,,,
-93.8259,,,,,,,,,,,,
,,,,,,,,,,,,
88.6768,38.8203,-29.8142,-20.3743,-73.5116,43.8633,,,,,,,
128.3071,,,,,,,,,,,,
-85.6946,-99.6091,,,,,,,,,,,
-54.825,,,,,,,,,,,,
,,,,,,,,,,,,
-73.0867,,,,,,,,,,,,
-97.6065,1220.8202,470.6253,-47.8147,-55.6862,,,,,,,,
,,,,,,,,,,,,
-95.4007,1309.2321,-70.9971,137.2194,112.4859,921.533,-97.4082,,,,,,
106.9715,87.1625,-10.5952,-29.373,,,,,,,,,
,,,,,,,,,,,,
,,,,,,,,,,,,
,,,,,,,,,,,,
11.5279,-33.1564,303.9351,-3.9395,-4.989,,,,,,,,
-24.7376,349.305,,,,,,,,,,,
,,,,,,,,,,,,
210.0031,,,,,,,,,,,,
,,,,,,,,,,,,
,,,,,,,,,,,,
,,,,,,,,,,,,
108.8531,-5.9272,-91.381,-83.5043,,,,,,,,,
,,,,,,,,,,,,
-96.1132,,,,,,,,,,,,
,,,,,,,,,,,,
-64.9071,222.3237,15.385,-46.6917,29.356,,,,,,,,
138.3309,-32.688,-94.1959,,,,,,,,,,
184.1382,-87.5803,725.9869,12.9423,-40.0918,-76.6999,-24.5333,-91.6023,19.2165,78.2692,,,
-44.0175,10.8799,-98.225,296.558,-70.4247,355.6493,,,,,,,
,,,,,,,,,,,,
,,,,,,,,,,,,
250.9291,,,,,,,,,,,,
143.4743,-85.0979,,,,,,,,,,,
,,,,,,,,,,,,
,,,,,,,,,,,,
126.9147,-97.1392,24580.8046,-48.0057,,,,,,,,,
428.0647,-56.2563,-81.4468,,,,,,,,,,
,,,,,,,,,,,,
-98.5153,10033.2853,,,,,,,,,,,
496.9026,-86.229,,,,,,,,,,,
-57.0291,347.2139,-7.9627,,,,,,,,,,
,,,,,,,,,,,,
,,,,,,,,,,,,
-62.6938,-79.9771,,,,,,,,,,,
-57.5166,-17.7747,,,,,,,,,,,
95.2929,-29.3178,-77.7912,-89.0028,,,,,,,,,
,,,,,,,,,,,,
,,,,,,,,,,,,
,,,,,,,,,,,,
-47.257,,,,,,,,,,,,
-46.194,7.338,-97.1996,747.3827,153.6232,-33.9385,1247.7774,,,,,,
,,,,,,,,,,,,
-20.7138,-93.1876,,,,,,,,,,,
,,,,,,,,,,,,
,,,,,,,,,,,,
,,,,,,,,,,,,
119.899,-77.9521,914.6465,0.007,-76.7812,420.0729,,,,,,,
40.7761,-88.1041,1919.6755,-2.3473,-50.1536,-95.6968,,,,,,,
,,,,,,,,,,,,
,,,,,,,,,,,,
-87.729,2.3543,2492.6038,,,,,,,,,,
,,,,,,,,,,,,
,,,,,,,,,,,,
-96.306,4908.7952,,,,,,,,,,,
233.3949,,,,,,,,,,,,
-42.4903,14.0375,,,,,,,,,,,
-10.4678,,,,,,,,,,,,
,,,,,,,,,,,,
20.3698,,,,,,,,,,,,
-55.2599,,,,,,,,,,,,
-88.5287,275.8582,219.0717,,,,,,,,,,
544.7946,,,,,,,,,,,,
,,,,,,,,,,,,
,,,,,,,,,,,,
,,,,,,,,,,,,
,,,,,,,,,,,,
,,,,,,,,,,,,
,,,,,,,,,,,,
,,,,,,,,,,,,
,,,,,,,,,,,,
-17.0015,-88.4941,748.9327,-74.8251,-80.2051,,,,,,,,
,,,,,,,,,,,,
,,,,,,,,,,,,
-43.5532,,,,,,,,,,,,
,,,,,,,,,,,,
,,,,,,,,,,,,
,,,,,,,,,,,,
97.9489,,,,,,,,,,,,
119.5153,,,,,,,,,,,,
,,,,,,,,,,,,
,,,,,,,,,,,,
,,,,,,,,,,,,
,,,,,,,,,,,,
-47.0386,-96.6629,,,,,,,,,,,
,,,,,,,,,,,,
-85.378,1256.0678,191.6922,,,,,,,,,,
90.2466,-25.9263,-79.2307,-87.6282,,,,,,,,,
,,,,,,,,,,,,
233.3949,,,,,,,,,,,,
64.6365,,,,,,,,,,,,
,,,,,,,,,,,,
-95.1244,,,,,,,,,,,,
-93.1664,-50.8847,211.1752,,,,,,,,,,
,,,,,,,,,,,,
64.6365,,,,,,,,,,,,
,,,,,,,,,,,,
-75.2555,-88.7302,,,,,,,,,,,
13.3562,174.8264,-4.5819,-4.6654,,,,,,,,,
230.4181,,,,,,,,,,,,
-71.0489,,,,,,,,,,,,
,,,,,,,,,,,,
-79.9889,-36.1947,2381.3156,,,,,,,,,,
,,,,,,,,,,,,
,,,,,,,,,,,,
-68.0974,540.5257,-5.2161,,,,,,,,,,
-48.2606,544.3727,,,,,,,,,,,
102.5037,,,,,,,,,,,,
695.5048,2.8664,39.8457,-98.9328,888.6132,-58.0115,-52.3134,345.673,,,,,
,,,,,,,,,,,,
-80.2349,,,,,,,,,,,,
,,,,,,,,,,,,
-47.6392,162.742,14.4374,-76.6591,-68.6677,29.7838,27.4695,48.292,-44.0153,1715.9666,,,
,,,,,,,,,,,,
,,,,,,,,,,,,
-42.8293,7.4934,-86.6531,310.1406,85.5758,-55.8875,331.068,,,,,,
-63.6232,283.5686,4.6789,-57.4177,-9.7586,,,,,,,,
-3.4945,77.0495,-5.3351,-4.9441,24.2642,501.2508,,,,,,,
,,,,,,,,,,,,
,,,,,,,,,,,,
,,,,,,,,,,,,
,,,,,,,,,,,,
290.166,-67.1343,-67.0085,,,,,,,,,,
58.6613,80.032,,,,,,,,,,,
,,,,,,,,,,,,
,,,,,,,,,,,,
50.6371,-5.6904,,,,,,,,,,,
,,,,,,,,,,,,
,,,,,,,,,,,,
-80.7333,775.8797,-53.0068,-94.6012,,,,,,,,,
21.1939,7.0899,257.4278,-12.6556,13.8835,537.9137,-99.6326,16.6582,5356.0464,-96.89,-2.3557,128.2125,961.378
588.0057,-71.7284,14.8103,27.7116,,,,,,,,,
116.7837,1.1349,-28.3392,,,,,,,,,,
,,,,,,,,,,,,
,,,,,,,,,,,,
-44.9789,2.3904,90.2174,-48.6083,,,,,,,,,
233.3949,,,,,,,,,,,,
,,,,,,,,,,,,
,,,,,,,,,,,,
-95.0693,-91.82,8459.7448,-18.966,,,,,,,,,
-96.9364,8530.6253,-37.7793,237.9258,-97.1578,6962.9377,,,,,,,
,,,,,,,,,,,,
,,,,,,,,,,,,
-67.5928,,,,,,,,,,,,
7.3716,,,,,,,,,,,,
,,,,,,,,,,,,
-72.6967,778.7987,222.9596,,,,,,,,,,
-31.3474,,,,,,,,,,,,
-33.3235,-97.798,77.5351,,,,,,,,,,
,,,,,,,,,,,,
-88.8543,66.0536,192.932,,,,,,,,,,
,,,,,,,,,,,,
-73.3294,273.564,10.9078,-98.1245,507.9731,41.2305,-16.023,1413.3055,,,,,
9.457,-39.3862,,,,,,,,,,,
247.482,,,,,,,,,,,,
,,,,,,,,,,,,
778.7987,-32.7168,,,,,,,,,,,
-89.7814,609.5412,,,,,,,,,,,
111.6754,-58.2227,248.1536,16.9111,-42.1161,14.8998,,,,,,,
,,,,,,,,,,,,
-90.7408,398.4638,,,,,,,,,,,
-14.0336,326.883,,,,,,,,,,,
-82.9691,,,,,,,,,,,,
-86.7296,9.6653,2211.0858,193.9843,,,,,,,,,
22.2301,,,,,,,,,,,,
-92.4409,-50.8699,3424.1276,,,,,,,,,,
50.9167,-88.7402,924.264,1.8586,-91.8061,-67.0085,,,,,,,
,,,,,,,,,,,,
-45.2865,-1.6146,84.5633,,,,,,,,,,
,,,,,,,,,,,,
145.4201,-66.7435,-23.7202,38.9653,159.9405,-6.9744,133.8884,57.8425,81.6829,-93.442,,,
,,,,,,,,,,,,
-72.3481,202.8802,-59.3358,-93.6265,17610.6124,-74.4795,,,,,,,
823.7468,,,,,,,,,,,,
,,,,,,,,,,,,
35.8747,-89.7539,1580.6585,1.2789,-92.4665,-50.5128,,,,,,,
,,,,,,,,,,,,
-47.5001,1345.4318,-98.9274,440.4481,-37.2416,99.0606,416.757,-78.9879,,,,,
,,,,,,,,,,,,
,,,,,,,,,,,,
-57.0514,160.8011,-52.5623,,,,,,,,,,
1404.5207,,,,,,,,,,,,
-61.2309,-79.9771,,,,,,,,,,,
,,,,,,,,,,,,
60.0312,,,,,,,,,,,,
222.3164,,,,,,,,,,,,
,,,,,,,,,,,,
296.8605,,,,,,,,,,,,
,,,,,,,,,,,,
250.9291,,,,,,,,,,,,
,,,,,,,,,,,,
,,,,,,,,,,,,
9.7983,-87.967,,,,,,,,,,,
6.7224,-85.4239,,,,,,,,,,,
,,,,,,,,,,,,
,,,,,,,,,,,,
,,,,,,,,,,,,
,,,,,,,,,,,,
,,,,,,,,,,,,
,,,,,,,,,,,,
,,,,,,,,,,,,
,,,,,,,,,,,,
,,,,,,,,,,,,
-16.0401,,,,,,,,,,,,
,,,,,,,,,,,,
,,,,,,,,,,,,
-42.295,-8.7891,-79.6181,,,,,,,,,,
58.8597,,,,,,,,,,,,
-38.6939,,,,,,,,,,,,
,,,,,,,,,,,,
,,,,,,,,,,,,
-68.1539,-43.7869,,,,,,,,,,,
,,,,,,,,,,,,
,,,,,,,,,,,,
895.7271,,,,,,,,,,,,
-87.4791,-4.3779,1125.9514,25.5168,3361.8236,-86.3243,,,,,,,
72.9719,-7.2144,71.7223,-68.2514,,,,,,,,,
191.4948,-93.0029,831.0555,-91.7664,111.2358,-64.8716,-88.0033,-28.4701,329.8631,,,,
,,,,,,,,,,,,
,,,,,,,,,,,,
,,,,,,,,,,,,
,,,,,,,,,,,,
,,,,,,,,,,,,
,,,,,,,,,,,,
,,,,,,,,,,,,
,,,,,,,,,,,,
,,,,,,,,,,,,
18.9035,,,,,,,,,,,,
-96.9081,-71.1475,4506.6603,-64.9879,,,,,,,,,
234.9904,-20.1092,344.0694,,,,,,,,,,
171.3453,-94.0855,313.5526,162.6453,,,,,,,,,
138.974,2.9683,-29.3843,,,,,,,,,,
,,,,,,,,,,,,
,,,,,,,,,,,,
,,,,,,,,,,,,
142.3887,-99.2445,26.9159,,,,,,,,,,
,,,,,,,,,,,,
24.1521,-69.4844,722.2964,-4.5819,6.23,,,,,,,,
-93.5929,1525.8582,-96.2901,2468.5582,,,,,,,,,
-85.058,2188.9655,-60.2896,,,,,,,,,,
-21.7884,-30.2151,,,,,,,,,,,
,,,,,,,,,,,,
,,,,,,,,,,,,
,,,,,,,,,,,,
,,,,,,,,,,,,
-1.8424,-34.7347,,,,,,,,,,,
-52.525,,,,,,,,,,,,
67.954,,,,,,,,,,,,
-94.2155,1381.0954,5.7583,-85.9011,-93.6146,,,,,,,,
-98.7941,3621.5836,-88.5147,-90.1026,,,,,,,,,
21.4086,-54.485,0.5528,,,,,,,,,,
,,,,,,,,,,,,
60.7627,-9.3601,-32.9042,,,,,,,,,,
147.7806,-82.8435,-97.377,,,,,,,,,,
,,,,,,,,,,,,
-62.6938,-79.9771,,,,,,,,,,,
31.5984,25.0275,-2.3176,-8.7917,10.0213,,,,,,,,
52.3412,3.1207,-29.2573,,,,,,,,,,
6.7083,-88.2535,,,,,,,,,,,
-88.0002,219.4833,-92.7432,900.7709,345.0419,,,,,,,,
,,,,,,,,,,,,
-3.4544,-87.0171,,,,,,,,,,,
20.9358,28.7015,-98.8161,1382.9198,-89.1506,52.1417,,,,,,,
-87.0192,18.7693,,,,,,,,,,,
,,,,,,,,,,,,
,,,,,,,,,,,,
247.8969,,,,,,,,,,,,
-90.4292,1443.6091,6.4749,-86.9966,-93.4017,,,,,,,,
-43.254,258.7581,-10.6816,,,,,,,,,,
,,,,,,,,,,,,
,,,,,,,,,,,,
22.8252,36.019,-4.5345,8.1572,-1.1096,,,,,,,,
,,,,,,,,,,,,
110.7766,,,,,,,,,,,,
-44.3035,445.8504,,,,,,,,,,,
,,,,,,,,,,,,
165.8064,-98.7579,13.1219,3163.4377,,,,,,,,,
63.7669,-24.195,34.0579,-79.8397,-32.8594,208.8117,,,,,,,
-80.4212,-45.7532,,,,,,,,,,,
-81.5803,,,,,,,,,,,,
284.996,,,,,,,,,,,,
,,,,,,,,,,,,
34.0064,,,,,,,,,,,,
-77.7586,29.563,,,,,,,,,,,
21.4086,-59.9542,,,,,,,,,,,
,,,,,,,,,,,,
-91.7682,3950.0734,,,,,,,,,,,
,,,,,,,,,,,,
,,,,,,,,,,,,
,,,,,,,,,,,,
,,,,,,,,,,,,
,,,,,,,,,,,,
-62.007,190.8936,345.2786,-69.7171,59.3369,,,,,,,,
134.2903,-59.1434,250.3519,10.2277,-93.4634,610.1983,-46.5596,5.1624,-94.6974,908.1825,550.0804,,
,,,,,,,,,,,,
-2.8645,234.6459,,,,,,,,,,,
,,,,,,,,,,,,
,,,,,,,,,,,,
-99.3439,329.1794,,,,,,,,,,,
-45.3726,20.9745,135.4164,,,,,,,,,,
,,,,,,,,,,,,
,,,,,,,,,,,,
,,,,,,,,,,,,
,,,,,,,,,,,,
,,,,,,,,,,,,
-2.7594,-46.6056,,,,,,,,,,,
-92.082,,,,,,,,,,,,
,,,,,,,,,,,,
,,,,,,,,,,,,
-97.0998,,,,,,,,,,,,
,,,,,,,,,,,,
-75.5663,113.7339,-94.9061,783.0085,1349.7009,-31.7277,,,,,,,
,,,,,,,,,,,,
-76.4805,222.419,-60.1229,64.9574,,,,,,,,,
,,,,,,,,,,,,
-28.3662,313.5416,-75.4335,,,,,,,,,,
-49.4916,-95.5505,,,,,,,,,,,
,,,,,,,,,,,,
,,,,,,,,,,,,
,,,,,,,,,,,,
-99.4255,1657.5974,,,,,,,,,,,
167.8414,-90.3414,2140.878,-9.1806,888.598,,,,,,,,
,,,,,,,,,,,,
-84.9602,1236.8328,-53.4568,,,,,,,,,,
-85.7694,-91.3062,457.2234,1587.6761,,,,,,,,,
29.6074,,,,,,,,,,,,
-49.5469,547.4788,,,,,,,,,,,
,,,,,,,,,,,,
,,,,,,,,,,,,
140.1942,-93.0279,-45.6912,,,,,,,,,,
,,,,,,,,,,,,
,,,,,,,,,,,,
,,,,,,,,,,,,
-1.0596,-11.1884,34.7224,-73.8474,644.6023,,,,,,,,
-33.962,-78.9737,-85.1068,1827.9767,520.1301,,,,,,,,
,,,,,,,,,,,,
-87.1357,,,,,,,,,,,,
-97.9103,5666.4194,-95.1387,-42.1433,,,,,,,,,
,,,,,,,,,,,,
-95.1347,494.4715,,,,,,,,,,,
-19.4421,-83.284,392.1687,1344.9633,-73.4074,,,,,,,,
,,,,,,,,,,,,
,,,,,,,,,,,,
,,,,,,,,,,,,
71.9536,,,,,,,,,,,,
,,,,,,,,,,,,
-71.9603,-97.4506,949.9236,380.768,-90.1555,,,,,,,,
96.7464,-92.7107,1099.4399,10.3025,11.9375,345.673,,,,,,,
,,,,,,,,,,,,
217.6788,,,,,,,,,,,,
,,,,,,,,,,,,
104.5492,,,,,,,,,,,,
,,,,,,,,,,,,
,,,,,,,,,,,,
-44.0615,14.6439,-94.888,154.8359,-81.8213,923.789,-13.6407,-63.6551,30.2594,-84.1519,15.7431,,
-99.7379,1186.6677,77.3035,143.7795,-82.6948,,,,,,,,
,,,,,,,,,,,,
-84.0525,24.8889,-68.2514,107.9524,1735.7978,,,,,,,,
216.7251,196.146,,,,,,,,,,,
-35.8223,123.3,10.425,,,,,,,,,,
,,,,,,,,,,,,
238.819,,,,,,,,,,,,
-94.0437,5526.2388,,,,,,,,,,,
,,,,,,,,,,,,
,,,,,,,,,,,,
-35.9596,-18.7587,,,,,,,,,,,
,,,,,,,,,,,,
,,,,,,,,,,,,
46.2156,-22.2809,-78.7241,13.1136,,,,,,,,,
-49.0517,599.3515,,,,,,,,,,,
-67.2575,-61.246,,,,,,,,,,,
13.109,-72.7055,416.9547,388.6754,,,,,,,,,
,,,,,,,,,,,,
,,,,,,,,,,,,
,,,,,,,,,,,,
,,,,,,,,,,,,
104.7048,194.8287,,,,,,,,,,,
-90.7715,-29.8142,4960.7297,,,,,,,,,,
-0.8715,-81.5946,548.2197,7.2403,-66.0182,,,,,,,,
250.9291,,,,,,,,,,,,
2118.5791,-92.3873,,,,,,,,,,,
107.0581,-9.8695,-90.258,-83.5043,,,,,,,,,
-82.8734,1595.1517,199.1849,,,,,,,,,,
,,,,,,,,,,,,
154.767,30.5067,-94.962,-93.6265,,,,,,,,,
-60.364,,,,,,,,,,,,
,,,,,,,,,,,,
,,,,,,,,,,,,
15.6006,-88.2535,,,,,,,,,,,
,,,,,,,,,,,,
,,,,,,,,,,,,
-98.5156,-48.1083,8.9979,1905.5283,,,,,,,,,
,,,,,,,,,,,,
-77.6908,1453.4213,,,,,,,,,,,
,,,,,,,,,,,,
133.3,-86.715,,,,,,,,,,,
-89.9692,,,,,,,,,,,,
46.2527,-5.5044,77.2617,-68.2514,,,,,,,,,
,,,,,,,,,,,,
,,,,,,,,,,,,
259.0037,-86.836,-98.4713,16970.2894,,,,,,,,,
,,,,,,,,,,,,
-92.3866,,,,,,,,,,,,
,,,,,,,,,,,,
32.7187,-94.2099,2515.4206,,,,,,,,,,
,,,,,,,,,,,,
,,,,,,,,,,,,
-3.489,,,,,,,,,,,,
,,,,,,,,,,,,
330.5251,,,,,,,,,,,,
,,,,,,,,,,,,
8.523,-89.275,,,,,,,,,,,
,,,,,,,,,,,,
72.1771,-24.4394,-44.9371,-94.7908,,,,,,,,,
-88.613,265.5511,654.7816,,,,,,,,,,
-46.5517,-84.6308,277.3034,30.4351,,,,,,,,,
-93.0509,1587.8717,1.1001,-3.3523,-82.0958,,,,,,,,
-94.929,,,,,,,,,,,,
,,,,,,,,,,,,
-84.6258,310.1048,-29.9441,-2.7578,,,,,,,,,
,,,,,,,,,,,,
,,,,,,,,,,,,
250.9291,,,,,,,,,,,,
-99.6039,-83.3643,3569.9219,-71.9421,-10.1993,,,,,,,,
,,,,,,,,,,,,
-68.8683,873.0639,-91.4175,457.8151,10.6828,,,,,,,,
-15.2969,-48.574,83.085,-64.0952,,,,,,,,,
-77.6963,-76.9126,6282.1745,,,,,,,,,,
2.5437,-75.3482,680.4585,,,,,,,,,,
72.9936,,,,,,,,,,,,
-50.8967,,,,,,,,,,,,
,,,,,,,,,,,,
8.0129,-75.2649,431.9681,9.8143,-94.9586,1842.6012,134.4482,-98.4066,1384.6166,-87.4483,55.5876,,
81.2664,9.4641,86.6927,5.1021,151.1147,,,,,,,,
-42.1567,-72.7869,506.5278,389.5461,-94.4215,,,,,,,,
15.6952,,,,,,,,,,,,
,,,,,,,,,,,,
856.9781,,,,,,,,,,,,
-61.2309,-58.0115,-52.3134,,,,,,,,,,
-91.3728,133.9527,1569.8388,195.7856,,,,,,,,,
-49.0517,599.3515,,,,,,,,,,,
-18.0745,199.3229,18.2137,-87.3876,2178.8862,-95.3459,1441.4561,-84.4656,244.4243,-95.5787,10027.1088,-99.057,961.378
250.0248,,,,,,,,,,,,
285.4535,,,,,,,,,,,,
-25.393,39.9881,16.1591,-83.1861,,,,,,,,,
-69.7897,-64.6027,-52.9751,81.9583,1107.547,-59.2918,,,,,,,
-91.1918,,,,,,,,,,,,
1122.4664,1119.3524,-84.0833,54.9815,,,,,,,,,
,,,,,,,,,,,,
,,,,,,,,,,,,
,,,,,,,,,,,,
,,,,,,,,,,,,
,,,,,,,,,,,,
-96.6225,11712.2684,,,,,,,,,,,
,,,,,,,,,,,,
,,,,,,,,,,,,
-97.4492,,,,,,,,,,,,
,,,,,,,,,,,,
-87.4668,1381.0954,-1.5753,-90.5775,,,,,,,,,
546.963,-74.1628,,,,,,,,,,,
-37.5844,-10.8388,,,,,,,,,,,
250.9291,,,,,,,,,,,,
76.2911,,,,,,,,,,,,
,,,,,,,,,,,,
153.8602,-89.6964,1051.5545,314.7732,-32.9453,,,,,,,,
,,,,,,,,,,,,
-29.8142,-85.5737,2598.6114,54.5606,-98.5793,1975.5188,-71.388,168.5218,,,,,
-35.5252,-86.6514,,,,,,,,,,,
-75.0253,132.8507,-70.4995,-52.5561,,,,,,,,,
,,,,,,,,,,,,
-80.4587,493.8808,7.21,11.0124,-80.0941,-56.2007,1577.232,-95.1756,-85.8598,13270.1888,,,
,,,,,,,,,,,,
-85.4484,3670.7951,,,,,,,,,,,
-76.073,765.5752,,,,,,,,,,,
,,,,,,,,,,,,
,,,,,,,,,,,,
64.6365,,,,,,,,,,,,
-91.1009,,,,,,,,,,,,
-52.3134,,,,,,,,,,,,
-64.6207,81.7497,,,,,,,,,,,
-84.7313,-73.7743,,,,,,,,,,,
-70.5271,-21.1621,,,,,,,,,,,
238.0686,195.9549,,,,,,,,,,,
,,,,,,,,,,,,
13.4474,-51.373,,,,,,,,,,,
,,,,,,,,,,,,
,,,,,,,,,,,,
13.9791,-70.7559,611.6952,2.0132,-15.6144,,,,,,,,
-61.2309,-79.9771,,,,,,,,,,,
-33.0112,1.7739,,,,,,,,,,,
28.2633,-94.7623,3246.8908,2.9965,-91.3203,-85.8608,,,,,,,
-23.5073,31.1868,-73.7912,-92.1669,4745.2633,225.2411,-99.2651,913.1246,-96.7434,1008.9603,-28.2351,,
,,,,,,,,,,,,
-44.7157,41.338,-51.1779,,,,,,,,,,
-77.9719,-90.8902,421.1198,2962.9655,,,,,,,,,
,,,,,,,,,,,,
20.9049,-70.1337,722.2964,-4.5819,-7.3892,,,,,,,,
-95.2184,,,,,,,,,,,,
,,,,,,,,,,,,
,,,,,,,,,,,,
-41.8929,,,,,,,,,,,,
,,,,,,,,,,,,
165.9512,-68.2493,265.9713,17.4017,-74.0252,139.8786,,,,,,,
,,,,,,,,,,,,
,,,,,,,,,,,,
-82.0252,-49.9428,,,,,,,,,,,
-60.0525,,,,,,,,,,,,
-50.2679,717.9045,-99.6275,,,,,,,,,,
175.4494,-79.8317,604.0012,-16.6855,-85.425,,,,,,,,
-86.4036,3570.4323,-99.4949,-88.6276,54096.0117,,,,,,,,
,,,,,,,,,,,,
-60.181,,,,,,,,,,,,
-88.2631,51.7608,,,,,,,,,,,
-94.0012,3275.7433,,,,,,,,,,,
,,,,,,,,,,,,
142.1053,,,,,,,,,,,,
-92.5069,1058.909,2.3565,-59.7626,-97.0455,,,,,,,,
-42.295,-13.125,29.681,-58.0115,,,,,,,,,
,,,,,,,,,,,,
183.5583,-21.97,-99.571,,,,,,,,,,
-95.172,,,,,,,,,,,,
,,,,,,,,,,,,
,,,,,,,,,,,,
,,,,,,,,,,,,
,,,,,,,,,,,,
,,,,,,,,,,,,
124.7645,-68.2599,232.8198,13.7286,-99.1233,6981.0946,-95.9801,754.0459,636.2609,-99.1585,496.0825,1659.6621,
-99.6825,137.2194,233.8062,,,,,,,,,,
64.6365,-67.1004,53.88,-42.4167,1792.1552,,,,,,,,
-90.628,1948.528,12.7421,-44.4595,-65.1968,-93.6825,197.1153,,,,,,
,,,,,,,,,,,,
,,,,,,,,,,,,
,,,,,,,,,,,,
56.6054,1.8513,-26.3633,,,,,,,,,,
,,,,,,,,,,,,
,,,,,,,,,,,,
,,,,,,,,,,,,
,,,,,,,,,,,,
,,,,,,,,,,,,
-86.6849,,,,,,,,,,,,
,,,,,,,,,,,,
-34.8982,12.2876,-71.0489,661.0236,,,,,,,,,
,,,,,,,,,,,,
-95.2313,138.482,-95.9056,660.7083,797.009,,,,,,,,
12.4804,-75.1787,46.5032,7.9216,-86.6047,1514.9902,-99.6054,249.9745,6512.4911,,,,
,,,,,,,,,,,,
64.6365,,,,,,,,,,,,
,,,,,,,,,,,,
91.1297,,,,,,,,,,,,
,,,,,,,,,,,,
90.589,,,,,,,,,,,,
-60.3109,,,,,,,,,,,,
15.7521,-96.1605,2623.6767,10.6959,-77.4743,-68.5314,572.257,-39.6108,104.7896,109.2378,,,
-43.6689,-56.0235,539.7308,,,,,,,,,,
-97.0495,1506.2664,193.0162,,,,,,,,,,
137.7294,-96.8574,,,,,,,,,,,
142.9685,1.4208,-84.4801,510.614,-84.0044,-76.1567,151.0337,,,,,,
19.2195,6.04,,,,,,,,,,,
250.9291,,,,,,,,,,,,
,,,,,,,,,,,,
,,,,,,,,,,,,
,,,,,,,,,,,,
-47.2585,803.9873,-96.3897,778.7987,,,,,,,,,
48.1728,-11.0601,-96.2906,,,,,,,,,,
,,,,,,,,,,,,
64.6365,,,,,,,,,,,,
,,,,,,,,,,,,
,,,,,,,,,,,,
,,,,,,,,,,,,
48.0065,-12.0895,-80.8283,-80.2051,,,,,,,,,
-81.8947,,,,,,,,,,,,
,,,,,,,,,,,,
-5.8681,-87.0171,,,,,,,,,,,
,,,,,,,,,,,,
-35.1901,,,,,,,,,,,,
,,,,,,,,,,,,
103.5584,,,,,,,,,,,,
,,,,,,,,,,,,
-68.1832,-69.3566,-89.628,1014.6173,977.5715,,,,,,,,
,,,,,,,,,,,,
-35.3517,91.5617,-98.3064,-9.1513,7965.6346,,,,,,,,
26.5101,,,,,,,,,,,,
78.7849,-29.8565,-81.5384,-83.5043,,,,,,,,,
-41.9646,479.3265,35.6244,,,,,,,,,,
-36.897,-73.3028,,,,,,,,,,,
,,,,,,,,,,,,
-74.4114,211.1949,7.0721,-70.9793,,,,,,,,,
,,,,,,,,,,,,
100.7555,-97.8324,,,,,,,,,,,
-87.4655,,,,,,,,,,,,
,,,,,,,,,,,,
179.3795,340.2336,,,,,,,,,,,
-93.119,2842.9557,1.399,-43.9359,,,,,,,,,
,,,,,,,,,,,,
,,,,,,,,,,,,
,,,,,,,,,,,,
-73.2458,715.2351,,,,,,,,,,,
,,,,,,,,,,,,
,,,,,,,,,,,,
,,,,,,,,,,,,
,,,,,,,,,,,,
,,,,,,,,,,,,
,,,,,,,,,,,,
64.6365,,,,,,,,,,,,
,,,,,,,,,,,,
,,,,,,,,,,,,
91.9637,-85.304,-93.1876,,,,,,,,,,
,,,,,,,,,,,,
-98.0305,,,,,,,,,,,,
,,,,,,,,,,,,
,,,,,,,,,,,,
,,,,,,,,,,,,
,,,,,,,,,,,,
112.761,-95.8223,1452.089,-80.7224,-57.5824,,,,,,,,
,,,,,,,,,,,,
233.3949,191.9659,,,,,,,,,,,
,,,,,,,,,,,,
16408.7889,-99.7684,806.2288,-74.2541,-71.7195,1237.0189,,,,,,,
,,,,,,,,,,,,
,,,,,,,,,,,,
-51.1779,277.3431,,,,,,,,,,,
183.6311,15.2176,5.6725,130.4519,,,,,,,,,
79.1632,-7.825,,,,,,,,,,,
-64.0842,-27.4317,-31.7656,2039.4976,141.7209,,,,,,,,
-92.267,778.7987,-32.7168,,,,,,,,,,
6.8252,,,,,,,,,,,,
,,,,,,,,,,,,
64.6365,,,,,,,,,,,,
,,,,,,,,,,,,
,,,,,,,,,,,,
-70.1337,,,,,,,,,,,,
315.1038,,,,,,,,,,,,
,,,,,,,,,,,,
-27.7781,117.2475,89.2434,,,,,,,,,,
149.3066,,,,,,,,,,,,
,,,,,,,,,,,,
-88.5047,1786.9754,-23.4599,,,,,,,,,,
64.6365,,,,,,,,,,,,
,,,,,,,,,,,,
-74.7951,588.0213,15.0467,-78.4782,-51.7482,196.584,1169.6998,-99.1181,-76.1567,402.0673,,,
,,,,,,,,,,,,
,,,,,,,,,,,,
,,,,,,,,,,,,
154.0729,-99.708,21772.1641,-71.7937,-90.4133,-95.2313,,,,,,,
,,,,,,,,,,,,
164.2415,-86.8812,-63.9344,1259.2125,-91.9896,8240.006,-97.7161,135.6706,783.6385,-77.4575,52.1417,,
-82.5454,,,,,,,,,,,,
,,,,,,,,,,,,
,,,,,,,,,,,,
,,,,,,,,,,,,
-61.2309,-79.9771,,,,,,,,,,,
,,,,,,,,,,,,
,,,,,,,,,,,,
-1.9463,252.3043,,,,,,,,,,,
-99.2654,2912.404,,,,,,,,,,,
,,,,,,,,,,,,
,,,,,,,,,,,,
,,,,,,,,,,,,
,,,,,,,,,,,,
,,,,,,,,,,,,
318.812,,,,,,,,,,,,
148.3953,-79.0058,102.1912,530.0821,-81.9832,,,,,,,,
-73.5275,138.5064,,,,,,,,,,,
,,,,,,,,,,,,
,,,,,,,,,,,,
64.6365,,,,,,,,,,,,
250.9291,,,,,,,,,,,,
,,,,,,,,,,,,
49.9477,,,,,,,,,,,,
-21.8432,153.367,-10.6595,-71.2377,,,,,,,,,
,,,,,,,,,,,,
68.8221,-19.9193,-81.4237,-83.5043,,,,,,,,,
241.2912,-17.9788,142.2197,,,,,,,,,,
-45.677,28.5956,-26.1206,-77.7607,1500.1504,14.4572,173.3392,,,,,,
235.8829,,,,,,,,,,,,
-64.9071,1537.8398,-88.732,675.8895,,,,,,,,,
,,,,,,,,,,,,
-86.832,833.264,-90.6874,635.3513,-80.0443,,,,,,,,
,,,,,,,,,,,,
95.9406,-14.1742,-87.5901,-83.5043,,,,,,,,,
,,,,,,,,,,,,
,,,,,,,,,,,,
-84.0525,24.8889,-68.2514,107.9524,1735.7978,,,,,,,,
8338.6067,-99.8445,224.2689,-70.4666,,,,,,,,,
,,,,,,,,,,,,
,,,,,,,,,,,,
,,,,,,,,,,,,
-47.5447,10.0773,831.5436,,,,,,,,,,
,,,,,,,,,,,,
3755.1801,-94.3097,-77.7629,678.116,21.0167,2768.0645,,,,,,,
,,,,,,,,,,,,
,,,,,,,,,,,,
,,,,,,,,,,,,
,,,,,,,,,,,,
-95.3191,,,,,,,,,,,,
,,,,,,,,,,,,
-36.1614,118.5661,393.0098,,,,,,,,,,
-21.7442,-90.4118,3864.3344,,,,,,,,,,
-52.0252,24.2225,-98.9816,11148.2874,-45.592,20.5032,,,,,,,
,,,,,,,,,,,,
-5.3813,,,,,,,,,,,,
,,,,,,,,,,,,
,,,,,,,,,,,,
,,,,,,,,,,,,
-89.9616,13.9744,-88.0815,,,,,,,,,,
,,,,,,,,,,,,
-78.1146,1191.3079,,,,,,,,,,,
,,,,,,,,,,,,
49.6695,,,,,,,,,,,,
240.0332,198.3411,,,,,,,,,,,
-19.4118,,,,,,,,,,,,
,,,,,,,,,,,,
-43.1588,12.5581,1431.8119,-99.8433,4673.6933,-94.4711,1511.1309,-89.6267,377.6201,,,,
,,,,,,,,,,,,
40.5433,,,,,,,,,,,,
,,,,,,,,,,,,
-43.2543,-59.7201,,,,,,,,,,,
237.4223,-94.9527,1431.9048,22.2613,-71.0434,-97.9454,5407.9466,-3.7105,-86.0459,,,,
,,,,,,,,,,,,
-90.4292,348.7624,-84.1254,-40.6153,,,,,,,,,
146.2854,-93.7853,,,,,,,,,,,
,,,,,,,,,,,,
-75.3088,707.0674,,,,,,,,,,,
35.8435,165.6835,-37.3317,-63.0527,1898.6711,,,,,,,,
,,,,,,,,,,,,
,,,,,,,,,,,,
,,,,,,,,,,,,
,,,,,,,,,,,,
1.4012,,,,,,,,,,,,
,,,,,,,,,,,,
-25.5492,98.9228,-4.3835,-80.1247,,,,,,,,,
,,,,,,,,,,,,
-65.6118,,,,,,,,,,,,
,,,,,,,,,,,,
,,,,,,,,,,,,
142.1439,,,,,,,,,,,,
-4.3278,-72.0077,259.1283,,,,,,,,,,
,,,,,,,,,,,,
15.1271,,,,,,,,,,,,
,,,,,,,,,,,,
,,,,,,,,,,,,
,,,,,,,,,,,,
,,,,,,,,,,,,
20.3698,,,,,,,,,,,,
,,,,,,,,,,,,
,,,,,,,,,,,,
,,,,,,,,,,,,
,,,,,,,,,,,,
-86.788,,,,,,,,,,,,
-8.6131,-30.4108,-71.3796,-23.41,230.3589,-55.1392,-52.9386,,,,,,
64.6365,,,,,,,,,,,,
,,,,,,,,,,,,
-85.1205,,,,,,,,,,,,
,,,,,,,,,,,,
,,,,,,,,,,,,
,,,,,,,,,,,,
,,,,,,,,,,,,
-35.5714,4126.243,,,,,,,,,,,
-61.9147,431.7105,-21.2064,-88.5659,617.7734,-94.6723,1214.4953,-79.9214,156.3163,,,,
,,,,,,,,,,,,
,,,,,,,,,,,,
-41.4511,926.0357,-96.6457,138.433,831.837,,,,,,,,
64.6365,,,,,,,,,,,,
,,,,,,,,,,,,
318.3894,,,,,,,,,,,,
-79.4454,-57.0365,,,,,,,,,,,
174.3941,-96.3697,1677.8994,-73.5542,-70.042,-39.9313,,,,,,,
-89.6021,-78.3606,5269.4837,27.066,2.2048,-98.5837,6541.6603,-94.0392,715.8594,,,,
,,,,,,,,,,,,
-48.9533,-25.0529,-40.6295,73.7066,,,,,,,,,
,,,,,,,,,,,,
,,,,,,,,,,,,
-95.2584,103.7444,-100,,-92.8115,55.6089,-95.2753,,,,,,
31.7092,-9.7227,507.0251,,,,,,,,,,
178.6155,-95.4855,-96.153,,,,,,,,,,
111.6754,,,,,,,,,,,,
,,,,,,,,,,,,
1619.4523,,,,,,,,,,,,
3001.4485,-98.7537,88.6731,-72.4139,77.5351,1125.8915,,,,,,,
,,,,,,,,,,,,
-49.5081,12.0469,,,,,,,,,,,
-60.4555,-79.9771,,,,,,,,,,,
-17.1912,,,,,,,,,,,,
171.2071,-92.548,,,,,,,,,,,
,,,,,,,,,,,,
142.1124,,,,,,,,,,,,
278.846,2.3484,-29.5441,,,,,,,,,,
,,,,,,,,,,,,
207.3214,-87.4668,1212.7891,,,,,,,,,,
,,,,,,,,,,,,
,,,,,,,,,,,,
-73.0104,1145.3976,,,,,,,,,,,
,,,,,,,,,,,,
197.9213,-85.2054,,,,,,,,,,,
,,,,,,,,,,,,
-47.1258,284.9422,,,,,,,,,,,
53.5315,89.6022,-9.5466,,,,,,,,,,
,,,,,,,,,,,,
78.9527,,,,,,,,,,,,
74.8227,-83.6569,,,,,,,,,,,
,,,,,,,,,,,,
64.6365,,,,,,,,,,,,
,,,,,,,,,,,,
139.1888,-77.2124,-39.4097,234.0006,927.3227,-89.8256,,,,,,,
,,,,,,,,,,,,
116.5219,-4.037,-91.3561,-83.5043,,,,,,,,,
,,,,,,,,,,,,
228.1837,,,,,,,,,,,,
-81.5118,1768.1998,,,,,,,,,,,
24.4657,-51.4507,43.3201,673.0758,137.6495,,,,,,,,
-0.9138,-88.2535,,,,,,,,,,,
5.9228,-53.2799,,,,,,,,,,,
,,,,,,,,,,,,
-79.2706,-52.5561,,,,,,,,,,,
-96.3733,-32.0852,3674.3136,,,,,,,,,,
,,,,,,,,,,,,
,,,,,,,,,,,,
,,,,,,,,,,,,
,,,,,,,,,,,,
-87.203,-38.0863,,,,,,,,,,,
,,,,,,,,,,,,
-71.0489,,,,,,,,,,,,
15.9175,,,,,,,,,,,,
-57.8885,251.476,-0.932,,,,,,,,,,
10.7435,,,,,,,,,,,,
-18.9444,,,,,,,,,,,,
574.6318,-88.6379,145.5164,-54.1104,2356.7998,,,,,,,,
,,,,,,,,,,,,
-99.5033,1511.1309,,,,,,,,,,,
,,,,,,,,,,,,
,,,,,,,,,,,,
,,,,,,,,,,,,
,,,,,,,,,,,,
-26.4887,17.1274,-11.1003,,,,,,,,,,
-60.3692,,,,,,,,,,,,
,,,,,,,,,,,,
8.8461,-33.5382,,,,,,,,,,,
,,,,,,,,,,,,
,,,,,,,,,,,,
18.0591,-48.2455,-42.6387,142.6111,416.7431,,,,,,,,
-52.4468,-4.1601,-88.0018,54.1752,,,,,,,,,
,,,,,,,,,,,,
-85.0328,337.6143,11.9554,-65.7507,-95.3582,13756.8645,-98.9554,1827.7957,238.0612,-90.2804,595.7156,426.4902,-72.154
,,,,,,,,,,,,
,,,,,,,,,,,,
,,,,,,,,,,,,
,,,,,,,,,,,,
-92.0843,2362.0806,7.0398,-62.652,-95.6573,,,,,,,,
121.0568,-5.8195,-92.0033,-83.5043,,,,,,,,,
,,,,,,,,,,,,
-58.6935,-88.3173,-17.5213,,,,,,,,,,
,,,,,,,,,,,,
64.6365,,,,,,,,,,,,
-37.0127,196.7686,6.3329,,,,,,,,,,
,,,,,,,,,,,,
-88.7442,48.7002,110.3489,-41.8948,42.0827,,,,,,,,
164.4161,,,,,,,,,,,,
-90.7433,,,,,,,,,,,,
-17.6156,370.5378,,,,,,,,,,,
172.2256,21.9117,16.7943,-99.6167,78338.441,,,,,,,,
244.2839,,,,,,,,,,,,
356.1545,-46.9273,,,,,,,,,,,
,,,,,,,,,,,,
,,,,,,,,,,,,
372.0074,-46.2671,-30.6212,,,,,,,,,,
-61.2309,-79.9771,,,,,,,,,,,
,,,,,,,,,,,,
21.3111,-81.2002,,,,,,,,,,,
-11.6035,-68.1832,-86.8034,2975.7954,,,,,,,,,
83.9347,1.9817,-29.2656,,,,,,,,,,
,,,,,,,,,,,,
,,,,,,,,,,,,
,,,,,,,,,,,,
-95.029,,,,,,,,,,,,
,,,,,,,,,,,,
,,,,,,,,,,,,
-59.9707,1.8826,630.9302,193.8952,,,,,,,,,
,,,,,,,,,,,,
-19.7973,10.5404,14.6919,-92.8872,641.4599,-54.6873,-97.6433,33294.3504,-97.3308,,,,
43.1072,,,,,,,,,,,,
-62.6938,-79.9771,,,,,,,,,,,
,,,,,,,,,,,,
13.4697,,,,,,,,,,,,
-97.9103,-30.2541,,,,,,,,,,,
-29.8908,-31.4606,,,,,,,,,,,
,,,,,,,,,,,,
,,,,,,,,,,,,
-10.1261,-50.0227,43.3201,-23.9292,417.4218,-83.6891,,,,,,,
,,,,,,,,,,,,
18.3368,-2.9784,,,,,,,,,,,
-89.403,,,,,,,,,,,,
-64.5526,478.4928,261.6579,,,,,,,,,,
43.1621,-92.2016,534.5557,280.5737,-75.9402,-92.719,,,,,,,
,,,,,,,,,,,,
-75.798,718.1747,,,,,,,,,,,
102.5037,-21.1764,130.0672,75.0609,,,,,,,,,
-71.2308,-19.9085,,,,,,,,,,,
-98.7738,,,,,,,,,,,,
,,,,,,,,,,,,
,,,,,,,,,,,,
,,,,,,,,,,,,
30.3451,60.9082,,,,,,,,,,,
,,,,,,,,,,,,
72.2533,-99.1509,,,,,,,,,,,
-3.4544,-87.0171,,,,,,,,,,,
104.0614,4.8154,-12.4128,,,,,,,,,,
-85.2321,37.3778,-81.8579,627.8334,,,,,,,,,
-52.4379,719.508,,,,,,,,,,,
1129.5858,,,,,,,,,,,,
-76.9883,101.5143,133.3235,,,,,,,,,,
,,,,,,,,,,,,
,,,,,,,,,,,,
,,,,,,,,,,,,
,,,,,,,,,,,,
,,,,,,,,,,,,
,,,,,,,,,,,,
190.6862,,,,,,,,,,,,
264.691,,,,,,,,,,,,
,,,,,,,,,,,,
,,,,,,,,,,,,
,,,,,,,,,,,,
104.7705,,,,,,,,,,,,
14.2195,19.5296,,,,,,,,,,,
73.8148,,,,,,,,,,,,
-87.253,,,,,,,,,,,,
,,,,,,,,,,,,
,,,,,,,,,,,,
-22.9668,142.8419,14.3696,-76.4361,-24.8025,10.9792,-35.5252,-44.0153,2234.3337,-93.414,,,
2456.1546,-83.8033,,,,,,,,,,,
,,,,,,,,,,,,
,,,,,,,,,,,,
,,,,,,,,,,,,
-45.077,-76.3996,,,,,,,,,,,
224.342,2.2892,-28.9178,,,,,,,,,,
-49.8045,24.732,-7.9368,-84.0616,72.0839,2659.6713,-99.4687,,,,,,
94.7812,-94.4297,2381.3156,25.6205,-84.8828,87.9937,100.4169,,,,,,
,,,,,,,,,,,,
75.9907,,,,,,,,,,,,
138.5192,-97.4322,151.5356,,,,,,,,,,
-14.5237,-64.5877,48.4056,,,,,,,,,,
-75.3511,-87.253,3071.274,,,,,,,,,,
64.6365,,,,,,,,,,,,
6.6123,,,,,,,,,,,,
8.523,-89.275,,,,,,,,,,,
122.7434,-33.9275,-77.7912,-89.0028,,,,,,,,,
,,,,,,,,,,,,
361.8931,,,,,,,,,,,,
,,,,,,,,,,,,
16.0725,,,,,,,,,,,,
141.1576,-91.0018,639.6004,160.6969,-44.3014,,,,,,,,
-39.8151,760.8719,,,,,,,,,,,
-74.659,-37.692,,,,,,,,,,,
29.0394,,,,,,,,,,,,
131.0312,-99.4014,151.0337,,,,,,,,,,
,,,,,,,,,,,,
0.6482,53.8501,-75.0869,2258.5255,-99.7825,5924.808,,,,,,,
,,,,,,,,,,,,
130.7042,,,,,,,,,,,,
,,,,,,,,,,,,
,,,,,,,,,,,,
87.2719,-98.6995,,,,,,,,,,,
,,,,,,,,,,,,
2661.3703,,,,,,,,,,,,
132.549,-91.7185,1750.167,5.4408,19.2621,,,,,,,,
-96.8827,345.673,,,,,,,,,,,
7.9583,213.8807,-12.2769,-18.2846,,,,,,,,,
43.0769,-90.3855,410.2171,130.8871,-82.0645,-79.9771,,,,,,,
,,,,,,,,,,,,
-60.364,,,,,,,,,,,,
,,,,,,,,,,,,
222.1863,78.8546,-59.7952,-15.0311,2017.91,,,,,,,,
,,,,,,,,,,,,
,,,,,,,,,,,,
18.7693,,,,,,,,,,,,
-80.562,124.5753,-93.5664,12091.2092,-74.8326,,,,,,,,
,,,,,,,,,,,,
,,,,,,,,,,,,
-69.1491,592.4602,,,,,,,,,,,
-35.1901,,,,,,,,,,,,
,,,,,,,,,,,,
-47.7647,2.8543,,,,,,,,,,,
-79.1939,500.1321,4.2119,-32.1105,,,,,,,,,
203.5062,-44.9999,,,,,,,,,,,
,,,,,,,,,,,,
96.792,,,,,,,,,,,,
99.3645,-23.507,-89.9827,,,,,,,,,,
,,,,,,,,,,,,
,,,,,,,,,,,,
,,,,,,,,,,,,
,,,,,,,,,,,,
,,,,,,,,,,,,
,,,,,,,,,,,,
,,,,,,,,,,,,
,,,,,,,,,,,,
,,,,,,,,,,,,
,,,,,,,,,,,,
-43.2257,-8.0779,147.9523,-98.5793,1041.5354,-65.3188,888.6485,,,,,,
90.3609,-98.4192,,,,,,,,,,,
12.3902,,,,,,,,,,,,
77.521,,,,,,,,,,,,
,,,,,,,,,,,,
,,,,,,,,,,,,
,,,,,,,,,,,,
202.1325,,,,,,,,,,,,
,,,,,,,,,,,,
250.9291,,,,,,,,,,,,
-65.4257,-71.1475,4138.1275,-64.9856,-84.3364,413.0649,-95.0669,1322.5241,,,,,
,,,,,,,,,,,,
,,,,,,,,,,,,
,,,,,,,,,,,,
-76.2093,-14.0006,196.8792,402.2243,-97.0804,2145.8189,-93.3851,,,,,,
,,,,,,,,,,,,
193.2131,-99.5641,-42.295,67484.1654,,,,,,,,,
47.8058,,,,,,,,,,,,
442.9269,,,,,,,,,,,,
,,,,,,,,,,,,
,,,,,,,,,,,,
,,,,,,,,,,,,
,,,,,,,,,,,,
-30.0697,-33.4919,-9.9253,3.3881,,,,,,,,,
,,,,,,,,,,,,
,,,,,,,,,,,,
,,,,,,,,,,,,
-93.0215,,,,,,,,,,,,
18.9035,,,,,,,,,,,,
745.7682,,,,,,,,,,,,
123.1739,-95.6853,1637.8824,-95.1314,,,,,,,,,
,,,,,,,,,,,,
-36.9802,,,,,,,,,,,,
-80.0258,67.1055,51.4145,58.5402,-64.5994,-18.4558,34.3895,-83.8043,10343.816,-85.115,,,
151.9946,,,,,,,,,,,,
-54.4364,225.6436,-38.4987,,,,,,,,,,
11.0961,,,,,,,,,,,,
,,,,,,,,,,,,
-93.2078,1448.4179,2.2677,-72.0294,-74.2657,263.2158,2.6081,,,,,,
,,,,,,,,,,,,
,,,,,,,,,,,,
235.9206,193.2521,,,,,,,,,,,
64.6365,,,,,,,,,,,,
101.803,263.1611,,,,,,,,,,,
,,,,,,,,,,,,
,,,,,,,,,,,,
242.6558,,,,,,,,,,,,
,,,,,,,,,,,,
-38.2613,77.211,-90.6915,,,,,,,,,,
10.8822,-89.5032,,,,,,,,,,,
-6.9827,-97.377,9886.0508,-0.0774,63.0617,-55.3857,37.3971,-11.4288,,,,,
,,,,,,,,,,,,
,,,,,,,,,,,,
,,,,,,,,,,,,
-35.8048,172.2955,,,,,,,,,,,
-74.0053,226.0333,-62.1262,-30.7689,846.1834,,,,,,,,
,,,,,,,,,,,,
50.7235,,,,,,,,,,,,
40.9051,,,,,,,,,,,,
,,,,,,,,,,,,
,,,,,,,,,,,,
-87.5604,1509.6662,305.3615,,,,,,,,,,
208.9416,-68.2089,,,,,,,,,,,
302.3214,,,,,,,,,,,,
,,,,,,,,,,,,
,,,,,,,,,,,,
,,,,,,,,,,,,
,,,,,,,,,,,,
,,,,,,,,,,,,
,,,,,,,,,,,,
-45.148,,,,,,,,,,,,
64.6365,,,,,,,,,,,,
44.4769,,,,,,,,,,,,
-32.8061,-70.0442,58.1781,0.1144,895.9719,245.5193,,,,,,,
-73.6423,,,,,,,,,,,,
-93.3742,,,,,,,,,,,,
,,,,,,,,,,,,
,,,,,,,,,,,,
-51.0011,584.4624,,,,,,,,,,,
,,,,,,,,,,,,
,,,,,,,,,,,,
,,,,,,,,,,,,
-38.8285,-11.3692,510.9794,,,,,,,,,,
-89.2846,741.5315,3.2571,-79.6645,-59.6843,616.7446,-98.6191,14459.9527,,,,,
5.3161,,,,,,,,,,,,
118.3814,-31.9405,-97.2818,,,,,,,,,,
,,,,,,,,,,,,
-43.3404,4.8439,-58.5446,,,,,,,,,,
,,,,,,,,,,,,
13.9791,,,,,,,,,,,,
,,,,,,,,,,,,
5.3161,,,,,,,,,,,,
66.4657,-10.7147,-81.7277,,,,,,,,,,
-71.0155,191.501,-66.8267,632.3322,,,,,,,,,
,,,,,,,,,,,,
416.1393,6.1442,-97.0057,392.1687,81.9583,-68.0401,151.9309,645.0119,,,,,
,,,,,,,,,,,,
43.45,,,,,,,,,,,,
-38.0476,179.5439,119.4132,8.2578,-91.0505,,,,,,,,
,,,,,,,,,,,,
,,,,,,,,,,,,
,,,,,,,,,,,,
231.3667,8.6872,-80.1764,244.655,197.323,-97.5216,1130.2004,-56.7183,-68.8825,,,,
,,,,,,,,,,,,
,,,,,,,,,,,,
,,,,,,,,,,,,
,,,,,,,,,,,,
-0.9616,44.6789,,,,,,,,,,,
,,,,,,,,,,,,
,,,,,,,,,,,,
,,,,,,,,,,,,
-32.5946,-33.2571,,,,,,,,,,,
-98.5551,5527.8131,,,,,,,,,,,
,,,,,,,,,,,,
-42.9646,-86.6514,,,,,,,,,,,
233.3949,,,,,,,,,,,,
,,,,,,,,,,,,
100.8066,-95.6406,1529.2647,-86.8825,-80.2051,,,,,,,,
-85.6979,-58.1524,,,,,,,,,,,
,,,,,,,,,,,,
,,,,,,,,,,,,
32.5123,,,,,,,,,,,,
,,,,,,,,,,,,
,,,,,,,,,,,,
,,,,,,,,,,,,
-97.9071,2289.1486,-94.4764,3415.1948,-39.7773,,,,,,,,
-91.771,4314.3066,-91.4959,,,,,,,,,,
,,,,,,,,,,,,
,,,,,,,,,,,,
,,,,,,,,,,,,
,,,,,,,,,,,,
-94.6755,,,,,,,,,,,,
,,,,,,,,,,,,
,,,,,,,,,,,,
,,,,,,,,,,,,
241.4001,199.7239,,,,,,,,,,,
,,,,,,,,,,,,
56.9227,538.2251,-97.1765,13302.4447,,,,,,,,,
-80.2849,756.9195,-6.736,112.4469,,,,,,,,,
-99.3414,-4.6268,-26.7668,,,,,,,,,,
889.7287,,,,,,,,,,,,
-69.4714,-62.4005,2823.7207,192.2874,,,,,,,,,
,,,,,,,,,,,,
,,,,,,,,,,,,
-98.768,97.9489,,,,,,,,,,,
-97.0362,,,,,,,,,,,,
,,,,,,,,,,,,
,,,,,,,,,,,,
-62.2897,29.7698,-66.6749,-53.5545,-56.7387,91.2043,-12.1233,86.3239,-94.6269,37908.0436,,,
-81.9493,-71.5702,,,,,,,,,,,
,,,,,,,,,,,,
,,,,,,,,,,,,
,,,,,,,,,,,,
-39.8151,,,,,,,,,,,,
-87.605,2578.9097,,,,,,,,,,,
241.2912,-17.9788,228.7267,,,,,,,,,,
232.0505,-46.5755,,,,,,,,,,,
40.3061,-5.6301,,,,,,,,,,,
,,,,,,,,,,,,
-76.2781,,,,,,,,,,,,
-97.0308,,,,,,,,,,,,
,,,,,,,,,,,,
64.6365,,,,,,,,,,,,
-99.5671,496.0825,256.5384,,,,,,,,,,
,,,,,,,,,,,,
,,,,,,,,,,,,
-80.0038,125.8265,-72.7869,162.8287,360.257,,,,,,,,
25.0964,-95.0551,,,,,,,,,,,
-72.261,-89.6708,-37.3354,450.0709,3098.6362,,,,,,,,
84.5924,241.4445,,,,,,,,,,,
,,,,,,,,,,,,
10.7435,,,,,,,,,,,,
93.2689,168.6124,-60.7206,100.0876,,,,,,,,,
,,,,,,,,,,,,
,,,,,,,,,,,,
-37.0794,,,,,,,,,,,,
,,,,,,,,,,,,
,,,,,,,,,,,,
-71.0489,,,,,,,,,,,,
-91.1232,,,,,,,,,,,,
,,,,,,,,,,,,
,,,,,,,,,,,,
,,,,,,,,,,,,
,,,,,,,,,,,,
,,,,,,,,,,,,
,,,,,,,,,,,,
,,,,,,,,,,,,
1764.8926,335.8247,,,,,,,,,,,
-77.784,-79.9771,,,,,,,,,,,
,,,,,,,,,,,,
,,,,,,,,,,,,
1.2137,-34.2352,,,,,,,,,,,
,,,,,,,,,,,,
-72.1915,-65.8388,829.2266,-84.1114,842.2267,,,,,,,,
-85.5245,,,,,,,,,,,,
,,,,,,,,,,,,
78.7481,-96.6418,1070.4981,357.926,-99.2107,7476.4403,,,,,,,
-99.1679,867.1919,,,,,,,,,,,
,,,,,,,,,,,,
-85.6861,7.2949,,,,,,,,,,,
-93.5437,1040.5195,379.3955,183.7486,,,,,,,,,
-71.0489,,,,,,,,,,,,
,,,,,,,,,,,,
-64.8776,53.5315,489.4155,-34.3242,-72.7572,143.1892,,,,,,,
,,,,,,,,,,,,
,,,,,,,,,,,,
-50.6919,446.8655,,,,,,,,,,,
1099.6712,,,,,,,,,,,,
-37.8561,-4.4702,-78.7439,484.8122,263.7295,-68.4317,,,,,,,
,,,,,,,,,,,,
,,,,,,,,,,,,
,,,,,,,,,,,,
-49.5843,128.7229,,,,,,,,,,,
-63.019,,,,,,,,,,,,
,,,,,,,,,,,,
,,,,,,,,,,,,
198.663,-21.3769,9.72,-58.1488,-89.3446,453.4717,392.7615,,,,,,
102.5037,,,,,,,,,,,,
91.3899,,,,,,,,,,,,
,,,,,,,,,,,,
-73.8078,1194.577,,,,,,,,,,,
10.7435,534.3267,,,,,,,,,,,
,,,,,,,,,,,,
,,,,,,,,,,,,
,,,,,,,,,,,,
,,,,,,,,,,,,
167.9419,2284.8198,,,,,,,,,,,
62.9034,-96.2667,1332.0379,-97.0152,-1.0256,,,,,,,,
-40.9264,-78.9955,,,,,,,,,,,
,,,,,,,,,,,,
,,,,,,,,,,,,
287.8903,-73.5428,-88.6886,4802.4026,,,,,,,,,
-38.2117,,,,,,,,,,,,
,,,,,,,,,,,,
-79.3833,2128.8373,,,,,,,,,,,
-93.9817,5612.7964,197.6953,,,,,,,,,,
118.4798,-95.0105,1586.4319,-94.0865,1314.0234,,,,,,,,
